id,label,review
test_000001,0,"""Mua Ä‘Ã¢y nhiuuu láº§n rÃ¹iii, giÃ¡ ráº» hÆ¡nnn máº¥y chá»— khÃ¡c, giao nhanh nhÆ°ng láº§n nÃ y cháº¯c báº­n gÃ¬ á»›, nÃªn tá»›i chÃ¬u má»›i giao huhu "" "
test_000002,0,"""MÃ¬nh nháº­n Ä‘áº§y Ä‘á»§ hÃ ng, giao hoáº£ tá»‘c nÃªn má»›i 14â€™ lÃ  hÃ ng Ä‘Ã£ Ä‘áº¿n tay mÃ¬nh Ã¹i "" "
test_000003,0,"""Ä‚n cx táº¡m Ä‘c, bÃ¬nh thÆ°á»ng, báº¡n nÃ o hk Äƒn cay Ä‘c nhá»› cÃ¢n nháº¯c    Chá»§ shop dá»… thÆ°Æ¡ng     "" "
test_000004,1,"""Video vÃ  hÃ¬nh áº£nh mang tÃ­nh cháº¥t nháº­n xu, khÃ´ng cÃ³ liÃªn quan Ä‘áº¿n sáº£n pháº©m "" "
test_000005,1,"""ChÃ¢n nÃ y bá»‹ ghiá»n má»i ngÆ°á»i Æ¡iii, má»™t láº§n mua Äƒn cháº¯c pháº£i 30 - 40 cÃ¡i "" "
test_000006,1,"""hÃ¬nh áº£nh vÃ  video k liÃªn quan láº¯m nhÆ°ng mÃ  chÃ¢n vá»‹t ngon tháº­t má»i ngÆ°á»i áº¡ "" "
test_000007,0,"""HÃ ng nháº­n y nhÆ° hÃ¬nh, sáº£n pháº©m tá»‘t ! ğŸ‘ğŸ»ğŸ‘ğŸ»ğŸ‘ğŸ»ğŸ‘ğŸ»ğŸ‘ğŸ»ğŸ‘ğŸ»ğŸ‘ğŸ»ğŸ‘ğŸ»ğŸ‘ğŸ»ğŸ‘ğŸ»ğŸ‘ğŸ»ğŸ‘ğŸ»ğŸ‘ğŸ» "" "
test_000008,1,"""Shop gá»­i bÃ¹ mÃ¬nh báº±ng xÃºc xÃ­ch loáº¡i khÃ¡c Äƒn cÅ©ng Ä‘Æ°á»£c láº¯m tuy khÃ´ng cay  "" "
test_000009,0,"""Cháº¥t lÆ°á»£ng sáº£n pháº©m tuyá»‡t vá»i, Ä‘Ã³ng gÃ³i sáº£n pháº©m cháº¯c cháº¯n, shop giao hÃ ng nhanh, Ä‘Ã¡ng tiá»n  "" "
test_000010,0,"""Ok Ä‘áº§y Ä‘á»§ dth giao nhanh cháº¥t lÆ°á»£ng vÃ  ráº» nÃªn mÃºaaaaaaaaaaaaaaaaa "" "
test_000011,0,"""Giao nhanh Ä‘Ãºng sá»‘ lÆ°á»£ng nha giÃ¡ thÃ¬ ráº» hÆ¡n nhiá»u chá»— khÃ¡c nhiá»u "" "
test_000012,0,"""Shop giao hÃ ng Ä‘áº§y Ä‘á»§, gá»i xÃ¡c nháº­n náº¿u thiáº¿u hÃ ng thÃ¬ sáº½ bÃ¹ tiá»n ráº¥t chuyÃªn nghiá»‡p nha "" "
test_000013,0,"""ÄaÌƒ mua n lÃ¢Ì€n, chÃ¢n gaÌ€ ngon lÄƒÌm, shop giao nhÃ¢Ì€m 1b ko cay nhÆ°ng thui kÃªÌ£ cuÌƒng ngon  HiÌ€nh aÌ‰nh chiÌ‰ mang tiÌnh chÃ¢Ìt nhÃ¢Ì£n xu "" "
test_000014,0,"""Ngon nha mn mua bao láº§n rá»“i , pháº£i máº¥y trÄƒm cÃ¡i luÃ´n dÃ³ nha , ok Ä‘Ã³ "" "
test_000015,0,"""MÃ¬nh lÆ°á»i chá»¥p quÃ¡ nÃªn láº¥y táº¡m hÃ¬nh nÃ y nhÃ© shop  ChÃ¢n vá»‹t ngon nhÆ°ng mÃ  nÃ³ nhá» hÆ¡n háº³n cÃ¡i loáº¡i trÆ°á»›c mÃ¬nh mua á»Ÿ chá»— khÃ¡c :(( hÆ¡i buá»“n Ã¡  MÃ¬nh mua 7 chÃ¢n vá»‹t, 1 cÃ¡nh thÃ¬ cÃ³ 2 chÃ¢n siÃªu nhá» Ã¡  hÃ´ng biáº¿t cÃ³ pháº£i shop bÃ¡n loáº¡i khÃ¡c hay do ngta sx tá»«ng Ä‘á»£t khÃ¡c nhau ná»¯a "" "
test_000016,1,"""Äáº·t nabati vÃ ng shop giao nabati Ä‘en, may mÃ  mua cÃ³ 1bá»‹t nhá» thÃ´i, nhÆ°ng Äƒn k Ä‘c, gÃ³i hÃ ng cÅ©ng Ä‘c  "" "
test_000017,0,"""Giao Ä‘á»§ hÃ ng, shop nhiá»‡t tÃ¬nh, sáº½ á»§ng há»™ láº§n tiáº¿p theo "" "
test_000018,0,"""BÃ¡nh Äƒn ráº¥t ngon, shop nhiá»‡t tÃ¬nh vÃ  chu Ä‘Ã¡o, giao hÃ ng ráº¥t nhanh "" "
test_000019,1,"""Video chá»‰ mang tÃ­nh láº¥y xu, chÃ¢n gÃ  vá»›i bÃ¡nh Äƒn táº¡m á»•n, giao Ä‘á»§ hÃ ng, bÃ¡nh bá»‹ há»Ÿ cháº£y nÆ°á»›c "" "
test_000020,0,"""Cháº¥t lÆ°á»£ng sáº£n pháº©m tuyá»‡t vá»i, Ä‘Ã³ng gÃ³i sáº£n pháº©m cháº¯c cháº¯n, shop giao hÃ ng nhanh, Ä‘Ã¡ng tiá»n "" "
test_000021,0,"""ngonnnnnnnnnnnnnnnnnnnnnnnnnnn hÃ¬nh áº£nh chá»‰ nháº­n xuuuuu "" "
test_000022,0,"""giao hÃ ng nhanh, giÃ¡ ráº», cháº¥t lÆ°á»£ng tá»‘t, Ä‘Ã³ng gÃ³i kÄ©, Ä‘Ã¡ng tiá»n "" "
test_000023,1,"""MÃ¬nh cÃ³ Ä‘áº·t cá»• nhÆ°ng láº¡i giao nháº§m chÃ¢n gÃ  ğŸ˜‘ğŸ˜‘  NÃ³i chung táº¡m á»•n, giao Ä‘á»§ sá»‘ lÆ°á»£ng "" "
test_000024,0,"""BÃ¡nh ngon , tuá»µt zá»i Ã´ng máº·t trá»i gÃ  bÃ´ng chÃ­p chÃ­p , ngon sá»©c sáº¯ccc mÃ u "" "
test_000025,0,"""HÃ ng xá»‹n giÃ¡ há»£p lÃ­ nÃªn mua ship cÅ©ng nhanh cá»¡ 3-4 ngÃ y lÃ  cÃ³ Ã¡!! "" "
test_000026,0,"""Sáº£n pháº©m Ä‘áº¹p, phÃ¹ há»£p giÃ¡ tiá»n, giao hÃ ng nhanh  BÃ© ráº¥t thÃ­ch  "" "
test_000027,0,"""Ngon   fghgfyhfdrgfsetgfhhgrtygfeertfrtyigiguftyyyy "" "
test_000028,1,"""BÃ¢nkehjxnanwkmxb nakqnxbjkqnx   Bakqkxnbakkqnx   Ankwnhh "" "
test_000029,0,"""Giao hÃ ng nhanh, shop phá»¥c vá»¥ ráº¥t tá»‘t, Ä‘Ã³ng gÃ³i sáº£n pháº©m ráº¥t Ä‘áº¹p "" "
test_000030,0,"""HÃ ng Ä‘Ã³ng gÃ³i ráº¥t Ä‘áº¹p  Quáº£ nhiÃªn ngÆ°á»i bÃ¡n Ä‘Ã£ gá»­i gáº¯m ráº¥t nhiá»u tÃ¢m tÆ° vÃ  tÃ¬nh cáº£m trong lÃºc gÃ³i hÃ ng  Há»™p khÃ´ng cÃ³ dáº¥u hiá»‡u bá»‹ mÃ³p, chá»©ng tá» bá»™ pháº­n váº­n chuyá»ƒn Ä‘Ã£ nÃ¢ng nhÆ° nÃ¢ng trá»©ng, há»©ng nhÆ° há»©ng hoa  Xin nghiÃªng mÃ¬nh cáº£m Æ¡n vÃ¬ táº¥t cáº£ "" "
test_000031,1,"""HÃ¬nh áº£nh mang tÃ­nh cháº¥t nháº­n xu ,                           "" "
test_000032,0,"""Shop giao hÃ ng hÆ¡i cháº­m, Ä‘Ã³ng gÃ³i tá»‘t  GiÃ¡ ráº» so vá»›i máº·t báº±ng chung "" "
test_000033,0,"""Shop giao hÃ ng hÆ¡i cháº­m, Ä‘Ã³ng gÃ³i á»•n  GiÃ¡ ráº», cháº¥t lÆ°á»£ng tá»‘t ğŸ‘ğŸ‘ "" "
test_000034,0,"""ÄÃ£ mua ráº¥t nhiá»u láº§n giao hÃ ng nhanh sáº£n pháº©m giá»‘ng  hÃ¬nh        "" "
test_000035,0,"""Giao hÃ ng Ä‘áº§y Ä‘á»§ vÃ  giao siÃªu nhanh nha, cay ngon Ä‘áº­m vá»‹ hihihi "" "
test_000036,0,"""Äá»“ Äƒn ngon láº¯m, do mÃ¬nh con lai nÃªn Äƒn khÃ¡ há»£p tuy ko giá»‘ng vá»‹ Ä‘á»“ Äƒn ko Ä‘Ã³ng gÃ³i láº¯m  "" "
test_000037,0,"""Káº¹o á»•i vÃ  xoÃ i muá»‘i á»›t Äƒn ngon, thÃ­ch vá»‹ nÃ y lÃ¢u r mÃ  dá»‹ch nÃªn kh tÃ¬m Ä‘Æ°á»£c, hÃªn lÃ  cuá»‘i cÃ¹ng cÃ¹ng tÃ¬m tháº¥y chá»— bÃ¡n ráº» váº§y  ChÃ¢n vÃ  cá»• vá»‹t chÆ°a Äƒn nÃªn chÆ°a biáº¿t, láº§n Ä‘áº§u mua nÃªn mong lÃ  ngon  áº¢nh chá»‰ Ä‘á»ƒ láº¥y xu "" "
test_000038,0,"""Ä‘o an ngon , shop dong goi chac chan, giao hang sieu nhanh  se quay lai lan sau, vudeo va hinh anh muc dich lay xu  "" "
test_000039,1,"""Kandjdnbxalwodn cnakkrnc  Cmakakdnc mcmamaklecncn nháº­d "" "
test_000040,0,"""Giao hÃ ng nhanh chÃ³ng, Ä‘Ã³ng gÃ³i cáº©n tháº­n, giÃ¡ Ä‘Æ°á»£c giáº£m ráº¥t ráº», mua láº§n Ä‘áº§u khÃ¡ hÃ i lÃ²ng, hy vá»ng sáº½ á»§ng há»™ nhá»¯ng láº§n tiáº¿p theo  "" "
test_000041,0,"""Thá»‹t nÆ°á»›ng Äƒn ráº¥t cay nhÆ°ng mÃ  ráº¥t ngon  XÃºc xÃ­ch Äƒn láº¡ nhÆ°ng mÃ  cÅ©ng ngon "" "
test_000042,0,"""Giao hÃ ng ráº¥t nhanh, Ä‘Ã³ng gÃ³i kÄ©, Äƒn ráº¥t ngon vÃ  giÃ¡ cÅ©ng khÃ¡ á»•n "" "
test_000043,1,"""HÃ¬nh áº£nh &video chá»‰ mang tÃ­nh cháº¥t nháº­n xu                      "" "
test_000044,0,"""Ä‘Ã£ nháº­n Ä‘á»§ hÃ ng nhanh chÃ³ng chÆ°a Äƒn thá»­  cho shop 5 sao náº¿u ok sáº½ á»§ng há»™ tiáº¿p nha "" "
test_000045,0,"""Shop gáº§n nhÃ  hay s mÃ  giao hÃ ng siÃªu tá»‘c luÃ´n , sáº½ á»§ng há»™ nhiá»u láº§n ná»¯a "" "
test_000046,0,"""Shop Ä‘Ã³ng gÃ³i kÄ© , thá»i gian giao hÃ ng cÅ©ng khÃ¡ nhanh   Cháº¥t lÆ°á»£ng chÃ¢n vá»‹t ok vÃ¬ trÆ°á»›c Ä‘Ã¢y Ä‘Ã£ tá»«ng Äƒn   MÃ³n nÃ y mÃ³n Äƒn váº·t hÆ¡i bá»‹ ghiá»n :)))   Sáº½ quay láº¡i á»§ng há»™ shop "" "
test_000047,0,"""HÃ ng cháº¥t lÆ°á»£ng,giao hÃ ng nhanh,ngon ,Ä‘Ã³ng gÃ³i cáº©n tháº­n sáº½ á»§ng há»p ná»¯a cho 5 sao "" "
test_000048,0,"""Giao hÃ ng nhanh chÃ¢n vá»‹t ngon giao Ä‘á»§ hÃ ng , sáº½ á»§ng há»™ shop      "" "
test_000049,0,"""ChÃ¢n gÃ  ngon dÃ²n xá»‘p, ráº½   ÄÃ³ng gÃ³i cáº©n tháº­n, giao hÃ ng nhanh, tÆ° váº¥n nhiá»‡t tÃ¬nh  Láº§n sau sáº» Å©ng há»™ shop "" "
test_000050,0,"""Giao Ä‘áº§y Ä‘á»§ nhÆ°ng mÃ  shop Ä‘Æ°a hÃ ng cho Ä‘Æ¡n váº­n chuyá»ƒn lÃ¢u mua Äƒn thá»­ r ngon nÃªn mua tiáº¿p "" "
test_000051,1,"""RÃ¢u má»±c cay Äƒn ko ngon,nháº¡t hÆ¡i háº¯c nÃ³i chung lÃ  ko nÃªn mua CÃ²n chÃ¢n gÃ  Äƒn cÅ©ng bÃ¬nh thÆ°á»ng ko giá»‘ng hÃ¬nh cho láº¯m NhÆ°ng hÃ ng giao nhanh  "" "
test_000052,0,"""shop giao hÃ ng nhanh, Ä‘áº§y Ä‘á»§, ngon láº¯m nha, má»i ng nÃªn mua nhÃ©  "" "
test_000053,0,"""Giao hÃ ng nhanh chÆ°a Äƒn nÃªn chÆ°a biáº¿t Äƒn xong quay láº¡i Ä‘Ã¡nh giÃ¡ sau "" "
test_000054,0,"""Giao hÃ ng nhanh, Ä‘Ã³ng gÃ³i cáº©n tháº­n, ngon  NÃ³i chung lÃ  hÃ i lÃ²ng ğŸ˜— "" "
test_000055,0,"""Shop giao hÃ ng Ä‘á»§ vÃ  cÃ³ bÃ¹ cho mÃ¬nh máº¥y mÃ³n háº¿t hÃ ng, Äƒn váº·t á»•n nha mn :3 ğŸ˜³ğŸ‘ŒğŸ‘ŒğŸ‘Œ "" "
test_000056,0,"""Shop giao hÃ ng nhanh, Ä‘Ã³ng gÃ³i tá»‘t  ÄÃ¹i vÃ  chÃ¢n vá»‹t Ä‘á»u há»£p kháº©u vá»‹ mÃ¬nh  "" "
test_000057,0,"""Ngon, giao hÃ ng nhanh , shipper nhiá»‡t tÃ¬nh   Láº§n sau sáº½ mua tiáº¿p   "" "
test_000058,1,"""trÃªn fb bÃ¡n táº­n 10k 1 cÃ¡i mÃ  trÃªn Ä‘Ã¢y bÃ¡n ráº» thÃ¬ pháº£i táº­u vá» Äƒn liá»n thoiiii "" "
test_000059,0,"""ChÃ¢n gÃ  ngon xkjabakd kskbshskanjabsbndmdnbsnmsmsmnsnsbsb "" "
test_000060,0,"""Xl j hinh anh kg lien quan nhug chan ga an rat ngon luc giao nhan hang rat lau  ma Ä‘o an ngon la ok ok ok ok ok o k "" "
test_000061,0,"""Äá»“ Äƒn ngon, cay Ä‘áº¿n ráº¥t cay nha, thá»•i ra lá»­a luÃ´n, giao hÃ ng lÃ¢u lÃ¢u mÃ¹a dá»‹ch mÃ  ko sao, dá»‹ch mÃ , sáº½ á»§ng há»™ tiáº¿p "" "
test_000062,0,"""HÃ¬nh áº£nh chi mang tÃ­nh cháº¥t nháº­n xu, nhÆ°ng Ä‘á»“ Äƒn ngon láº¯m nha hÆ¡i cay the nháº¹, nhÆ°ng Äƒn vÃ o váº«n tuyá»‡t vá»i "" "
test_000063,0,"""HÃ ng date má»›i siÃªu ngonnnnn kb cháº¥t lÆ°á»£ng ntn nÃªn k dÃ¡m Ä‘áº·t nhieu  Sáº½ á»§ng há»™ tiáº¿p nÃ¨ !& &&//&/'snasnsnjabajaja "" "
test_000064,0,"""Mua láº§n 2 cho em trai, nÃ³ ráº¥t lÃ  khoÃ¡i trÃ­ mÃ³n Äƒn váº·t nÃ y, Äƒn ngon , OK la, láº§n sau sáº½ á»§ng há»™ shop nhiá»u, tl khÃ¡ch hÃ ng cÅ©ng nhanh, rá»“i váº­n chuyá»ƒn cÅ©ng siÃªu nhanh luÃ´n "" "
test_000065,0,"""Ä‚n qua máº¥y mÃ³n nÃ y nhiá»u láº§n láº¯m rá»“i mÃ  sao Äƒn ná»¯a láº¡i tháº¥y ráº¥t ngon Äƒn vÃ´ nghiá»‡n luÃ´n "" "
test_000066,1,"""Dá»‹ch nÃªn Ä‘á»£i cáº£ thÃ¡ng má»›i nháº­n Ä‘c hÃ ng, shop giao thiáº¿u bÃ¡nh vÃ  Ä‘Ã£ hoÃ n tiá»n cho mÃ¬nh  ChÃ¢n vá»‹t ngon nÃªn mua nÃ¨ "" "
test_000067,1,"""BÃ¡nh bá»ƒ háº¿t trÆ¡n lun áº¡ :(( nhma khs iem váº«n cho shop 5 sao  CÃ³ Ä‘áº·t Ä‘Ã¹i gÃ  mÃ  cÅ©m kh cÃ³ huhuhu ğŸ˜­ğŸ˜­ğŸ˜­ğŸ˜­ğŸ˜­ "" "
test_000068,0,"""ChÃ¢n gÃ  ráº¥t ngon, Ä‘Ã³ng gÃ³i cháº¯c cháº¯n vÃ  giao hÃ ng ráº¥t nhanh sáº£n pháº©m khÃ¡ giá»‘ng hÃ¬nh "" "
test_000069,1,"""Äáº·t 9/8 nay 16/9 má»›i nháº­n Ä‘Æ°á»£c, cÃ³ mÃ³n thiáº¿u hÃ ng shop bá» tiá»n vÃ o gÃ³i hÃ ng luÃ´n ğŸ‘ğŸ¼ "" "
test_000070,0,"""NÃ³i chung chuáº©n bá»‹ Äƒn, nhÃ¬n tháº¥y lÃ  háº¥p dáº«n rá»“i, giao hÃ ng mÃ¹a dá»‹ch váº­y, mÃ¬nh tháº¥y cÅ©ng nhanh Ä‘Ã³, cáº£m Æ¡n shop Ä‘Ã£ cho giao nhanh  MÃ¬nh Äƒn xong sáº½ review cho shop "" "
test_000071,0,"""Ok nhÃ© dá»‹ch mÃ  mÃ¬nh thÃ¨m dÃ£ man mua toÃ n cá»§a shop nÃ y nÃªn yÃªn tÃ¢m láº¯m giao nhanh cá»±c do mÃ¬nh Ä‘áº·t hoáº£ tá»‘c  Ä‘Ã£ thÃ¨m ghÃª "" "
test_000072,0,"""Mua sp Äƒn thá»­ tháº¥y vá»‹ ngon nhÆ°ng hÆ¡i máº·n nhÆ°ng sáº¯p tá»›i sáº½ mua láº¡i "" "
test_000073,1,"""As a result of this, all professionals in the aviation industry have a huge responsibility to improve their level of communication and understanding to minimize the risks of catastrophic aviation accidents that could be prevented with adequate communication  "" "
test_000074,0,"""Giao hÃ ng nhanh cháº¥t lÆ°á»£ng ok hdhdjjdjshshndhdjhdhdhbdhdhdbdbÄ‘h "" "
test_000075,1,"""NgÃ y nay ğ§ğšğ¢ğ¥ğ›ğ¨ğ± Ä‘Æ°á»£c xem nhÆ° lÃ  má»™t mÃ³n phá»¥ kiá»‡n khÃ´ng thá»ƒ thiáº¿u cá»§a cÃ¡c nÃ ng bá»Ÿi Ä‘á»™ Ä‘áº¹p vÃ  sá»± linh Ä‘á»™ng cá»§a ğ§ğšğ¢ğ¥ğ›ğ¨ğ± giÃºp nÃ ng dá»… dÃ ng diá»‡n #outfit má»—i khi ra Ä‘Æ°á»ng vÃ  cÅ©ng tiá»‡n lá»£i khi nÃ ng tá»± dÃ¡n, tá»± thÃ¡o, tÃ¡i sá»­ dá»¥ng Ä‘Æ°á»£c nhiá»u láº§n  HÃ¬nh thá»©c Ä‘á»ƒ nháº­n xu sp ráº¥t tá»‘t "" "
test_000076,0,"""HÃ ng giao nhanh, cÃ³ táº·ng quÃ  ná»¯a nhÃ¬n sá»£ sá»£  Khui ra lÃ  mÃ¹i ráº¥t ná»“ng, nÃªn Äƒn chÃ´ thoÃ¡ng chá»© k sáº½ bá»‹ Ã¡m mÃ¹i  NÃ³i chung oke Äƒn thá»­ chá»© khÃ´ng cÃ³ khuyáº¿n khÃ­ch Äƒn "" "
test_000077,0,"""Mua hai láº§n r Ã­ láº§n nÃ o cÅ©ng ghiá»n nÃ³i chung lÃ  shop dth cÃ³ táº·ng quÃ  ná»¯a nÃªn em chá»‹u láº§n s mua tiáº¿p nha  "" "
test_000078,0,"""ÄÃ£ nháº­n Ä‘Æ°á»£c hÃ ng ChÃ¢n vá»‹t ngon  Káº¹o ngon  XÃ­ muá»™i thÃ¬ vá»‹ ko giá»‘ng nhÆ° tuá»•i thÆ¡   Sáº½ á»§ng há»™ chÃ¢n vá»‹t ná»¯a "" "
test_000079,0,"""Cá»• vá»‹t ngon nha mn Æ¡i  KhÃ´ng cÃ³ mua loáº¡i khÃ¡c mÃ  loáº¡i nÃ y ngon  MÃ¹i hÆ¡i ngá»™ xÃ­u  "" "
test_000080,0,"""y nhÆ° hÃ¬nh,giÃ¡ tiá»n á»•n,giao hÆ¡i lÃ¢u nhÆ°ng khÃ´ng bá»‹ hÆ° háº¡i gÃ¬ Äƒn cx ráº¥t ngonâ¤ï¸ "" "
test_000081,0,"""Giao hÃ ng hÆ¡n 1 tuáº§n, do dá»‹ch, giao Ä‘á»§, sp háº¿t shop bÃ¹ cÃ¡i khÃ¡c cho mÃ¬nh  Ok nÃªn thá»­ áº¡â¤ï¸ "" "
test_000082,0,"""video mÃ¬nh nháº­n xuuu cÃ²n sp ráº¥t oke cÃ³ cÃ¡i shop quÃªn mÃ¬nh lÆ°u Ã½ nÃªn há» hÃ ng mÃ¬nh láº¥y dÃ¹m cÃ²n vá» sáº£n pháº©m mÃ¬nh váº«n chÆ°a dÃ¹ng "" "
test_000083,1,"""FzdkgzdiyrziyisIYrzyrildzarulzryzryizr6ztRyz6rztzutoztxtxfyz5r8z6rzr6x7td7td75xtztuoz7tos8st7s7rzutzkurzr6izstuljktxhzy "" "
test_000084,0,"""Thá»©c Äƒn cÃ³ vá»‹ khÃ¡ láº¡, Äƒn ngon náº¿u Ä‘Ã£ quen, giao hÃ ng cáº©n tháº­n nhanh "" "
test_000085,0,"""Giao hÃ ng nhanh Cháº¥t lÆ°á»£ng sáº£n pháº©m cá»§a shop ok ÄÃ³ng gÃµi kÄ© nÃ¨  "" "
test_000086,0,"""Tháº¥y máº¥y tiktoker Äƒn nhÃ¬n ngon quÃ¡ cÅ©ng mua 10 cÃ¡i Äƒn thá»­, mÃ  Äƒn má»›i 2 cÃ¡i Ä‘Ã£ ngÃ¡n rá»“i ğŸ¤£ğŸ¤£ğŸ¤£ tháº¥y cÃ³ ngÆ°á»i bÃ y cháº¥m vs muá»‘i á»›t chanh, chiá»u vá» Äƒn thá»­ xem cÃ³ khÃ¡ hÆ¡n ko  Ã€, tháº¥y Ä‘á»ƒ chÃ¢n vá»‹t cay nhÆ°ng mÃ¬nh Äƒn ko nghe cay xÃ­u nÃ o, hÆ¡i tháº¥t vá»ng  "" "
test_000087,0,"""XÃºc xÃ­ch Äƒn giÃ²n giÃ²n vá»‹ cay nháº¹, sáº£n pháº©m Ä‘Æ°á»£c hÃºt chÃ¢n khÃ´ng nÃªn an tÃ¢m cháº¥t lÆ°á»£ng "" "
test_000088,1,"""HÃ ng shop chuáº©n bá»‹ Ä‘áº§y Ä‘á»§ k thiáº¿u, dá»‹ch nÃªn Ä‘áº·t hoáº£ tá»‘c giao lÃ¢u "" "
test_000089,0,"""MÃ¬nh chá»n xÃºc xÃ­ch sá»¥n gÃ  cay nhÆ°ng chÆ°a Äƒn thá»­, gÃ³i nhá» nhá» mong lÃ  ngon "" "
test_000090,0,"""XÃºc xÃ­ch xá»¥n Äƒn khÃ´ng ngon mÃ¡ káº¿t há»£p Äƒn vá»›i cÆ¡m hay chÃ¡o cÅ©ng thÃ­ch há»£p ğŸ˜ğŸ˜ "" "
test_000091,0,"""HÃ© hÃ© shop dá»… thÆ°Æ¡ng cá»±c , giao hÃ ng Ä‘á»§ Ä‘Ã£ tháº¿ cÃ²n Ä‘Æ°á»£c táº·ng thÃªm 1 gÃ³i má»±c ná»¯a cÆ¡ chÃ¢n vá»‹t ngon cá»±c luÃ´n mua vá» chÆ°a Ä‘c 1 ngÃ y háº¿t máº¥t tiÃªu giao hÃ ng nhanh nma gáº·p pháº£i Ã´ng shipper má»›i vÃ o lÃ m hay gÃ¬ láº§n Ä‘áº§u gáº·p luÃ´n mÃ  thÃ¡i Ä‘á»™ nhÆ°     Má»‡t tháº­t sá»± nma thÃ´i do shop dá»… thÆ°Æ¡ng mong shop chÃº Ã½ ğŸ¥° "" "
test_000092,0,"""Ä‚n táº¡m Ä‘Æ°á»£c, hÆ¡i láº¡, nÃ³i chung Äƒn thá»­ thui  Shop tÆ° váº¥n dth, giao hÃ nh nhanh ship cÃ¡i 1 tiáº¿ng sau cÃ³ liá»n  Nchung sáº½ quay láº¡i á»§ng há»™ shop hehe hÃªhhehehehe "" "
test_000093,0,"""Canh vá»‹t thá»‹t dai, sáº£n pháº©m Ä‘Æ°á»£c hÃºt chÃ¢n khÃ´ng nÃªn an tÃ¢m cháº¥t lÆ°á»£ng láº¯m ğŸ‘ğŸ‘ "" "
test_000094,0,"""Ngon lÃ nh cÃ nh Ä‘Ã o :))) Do dá»‹ch nÃªn giao hÃ ng hÆ¡i lÃ¢uuuuğŸ™ˆğŸ™ˆğŸ™ˆğŸ™ˆğŸ™ˆ "" "
test_000095,0,"""HÃ ng Ä‘áº¹p, cháº¥t lÆ°á»£ng sáº£n pháº©m tuyá»‡t vá»i, Ä‘Ã³ng gÃ³i sáº£n pháº©m tá»‘t láº¯m nhabhh "" "
test_000096,0,"""shop giao hÃ ng nhanh  giao Ä‘á»§ sá»‘ lÆ°á»£ng mÃ  cÃ²n Ä‘c táº·ng quÃ  ná»¯a  nÃ³i chung lÃ  Æ¯ng nhağŸ˜‹ "" "
test_000097,1,"""Zbdbdncb dnsjsbdjdndjnfjcndjdnsjsnhfbfbx sjfbejebehnajbdhsbxjnsjdneje cjndjdndnendjdndjjdnsnsnwidjxhnxbbdebbdncn "" "
test_000098,1,"""Haizzz giao hÃ ng trong thÃ nh phá»‘ cÅ©ng lÃ¢u Ä‘áº·t 17 táº­n 20 nháº­n háº¿t há»©ng Äƒn nÃªn há»§y Ä‘Æ¡n rá»“i shop váº«n khÃ´ng sá»£ bá»‹ hoÃ n váº«n giao  NÃ³i chung tháº¥y review ngon nÃªn mua Äƒn thá»­, Äƒn rá»“i tháº¥y khÃ´ng ngon nhÆ° lá»i Ä‘á»“n  ChÃ¢n vá»‹t cÃ²n cÃ³ lá»›p má»¡ Ä‘Ã´ng nhÆ° rau cÃ¢u Äƒn lÃ nh láº¡nh miá»‡ng  Thá»­ 1 láº§n cho biáº¿t chá»©      "" "
test_000099,0,"""ChÃ¢n vá»‹t Ã­t cay, ngon dá»… sá»­ dá»¥ng                                ,,, BÃºn á»‘c liá»…u chÃ¢u chÆ°a Äƒn nÃªn chÆ°a biáº¿t, máº«u mÃ£ Ä‘áº¹p                                                                          â€¦â€¦â€¦â€¦â€¦â€¦â€¦â€¦â€¦â€¦â€¦ Láº§n sau sáº½ mua thá»­ mÃ³n khÃ¡c                               ,    ,,,                               "" "
test_000100,0,"""Mua láº§n thá»© n, giao hÃ ng nhanh gá»n láº¹, lÃºc nÃ o cÅ©ng dc táº·ng quÃ , hihi, cskh tá»‘t ná»¯a áº¡ "" "
test_000101,0,"""Sáº£n pháº©m tá»‘t  PhÃ¹ há»£p vá»›i giÃ¡ tiá»n ÄÃ³ng gÃ³i bao bÃ¬ á»•n ÄÃ¡ng mua Giao hÃ ng táº­n nÆ¡i dÃ¹ mÃ¹a dá»‹ch "" "
test_000102,1,"""Mua láº§n thá»© n, nhÆ°ng hnay bá»‹ 1 cÃ¡i hÆ°, cÃ¡i tháº¡ch trong chÃ¢n nÃ³ rÃ£ lun Ã­, mÃ¹i hÃ´i n, huhu "" "
test_000103,0,"""Giao hÃ ng nhanh  Háº¿t xx há»“ lÃ´, shop tá»± thay báº±ng thanh cua vá»›i rÃ¢u má»±c nhÆ°ng khÃ¡ ngon  ÄÃ¹i gÃ -vá»‹t Ä‘á»u Äƒn bá»Ÿ bá»™t, khÃ´ng cay cÆ¡ mÃ  Ä‘Ã¹i vá»‹t ngon hÆ¡n gÃ   CÃ¡nh vá»‹t vá»›i chÃ¢n vá»‹t Äƒn khÃ´ng cÃ³ vá»‹ gÃ¬, y nhÆ° Äƒn  nÆ°á»›c thá»‹t Ä‘Ã´ng váº­y  Cá»• vá»‹t khÃ¡ ngon, vá»‹t thá»‹t Ä‘áº­m, Äƒn cay ngon  "" "
test_000104,0,"""Vá»‹ ngá»t ngá»t, ngon, shop giao hÃ ng nhanh, Ä‘Ã³ng gÃ³i cáº©n tháº­n  GiÃ¡ tá»‘t "" "
test_000105,0,"""HÃ¬nh áº£nh k liÃªn quan!chÃ¢n gÃ  ngon káº¹o dáº»o cÅ©ng thÆ¡m ngon shop bÃ¡n hÃ ng ok "" "
test_000106,1,"""Tháº¥y hot quÃ¡ mua Ã­t Äƒn thá»­   Ä‚n cÅ©ng Ä‘Æ°á»£c   NhÆ°ng mÃ  tháº¥y bÃ¬nh thÆ°á»ng thÃ´i Ã    Kiá»ƒu mÃ¹i nhu bÃ¡nh snack , chÃ¢n gÃ  Æ°á»›p cay thoi chá»© ko cÃ³ gi Ä‘áº·t biá»‡t het "" "
test_000107,0,"""Ä‘á»‘i vá»›i mÃ¬nh chÃ¢n gÃ  vá»›i chÃ¢n vá»‹t Äƒn ok láº¯m nha :3 há»£p kháº©u vá»‹ tuá»³ ngÆ°á»i nÃ¨   chÃ¢n gÃ  vs chÃ¢n vá»‹t hÃ¬nh nhÆ° Ä‘Æ°á»£c Æ°á»›p nÆ°á»›c tÆ°Æ¡ng hay sao Ã¡ , em mÃ¬nh Äƒn nghe cÃ³ vá»‹ giá»‘ng xÃºc xÃ­ch ?? =))))) nÃ³i chung mua vá» Äƒn cho biáº¿t thÃ¬ ok nha   mÃ¬nh Ä‘áº·t nowship nÃªn ship siÃªu nhanh luÃ´n ğŸ¤£â¤ï¸â¤ï¸ "" "
test_000108,0,"""Em mÃ  Ä‘Ã£ giá»›i thiá»‡u thÃ¬ cÃ¡c máº¹ yÃªn tÃ¢m em bÃ© 5-7 tuá»•i cÃ²n lÃ m Ä‘Æ°á»£c thÃ¬ cÃ¡c máº¹ xÃ¡ gÃ¬ COMBO #Äáº¿_tart_trá»©ng + #Kem_trá»©ng sáºµn luÃ´n, giÃ¡ #169k ğŸ¥¯ğŸ¥¯ğŸ¥¯Äáº¿ tart 30c/tÃºi ngoÃ i lÃ m bÃ¡nh tart trá»©ng thÃ¬ cÃ¡c máº¹ cÃ³ thá»ƒ bá» nhÃ¢n náº¥m, thá»‹t, xÃºc xÃ­ch    tÃ¹y Ã½, phá»§ phomai lÃªn trÃªn Ä‘á»ƒ thÃ nh mÃ³n bÃ¡nh Äƒn sÃ¡ng 10ph "" "
test_000109,1,"""BÃ¬nh luáº­n chá»‰ mang tÃ­nh cháº¥t láº¥y xu thÃ´i                    "" "
test_000110,1,"""hdjjdndnd djjdjs s sÃ­ijs shisosn snsjdjdb dÄ©osi s sijd d xbxjjxjxx  xÄ©izb x z zjzjbs z jzkzizjz  zjzizb snzizb z zá»‹zbs zbbzjz "" "
test_000111,0,"""HÃ¬nh áº£nh k liÃªn quan láº¯mm nhÆ°ng Ä‘á»“ Äƒn ngon láº¯mmm áº¡  Äá»“ Äƒn cÃ³ mÃ¹i thuá»‘c báº¯c khÃ¡ ná»“ng vÃ  cayy "" "
test_000112,0,"""Äáº·t 5 chÃ¢n gÃ , 5 chÃ¢n vá»‹t, 5 rÃ¢u má»±c, 5 cÃ¡nh vá»‹t mÃ  giao thiáº¿u 5 cÃ¡nh vá»‹t    Shop nháº¯n tin Ä‘Ã£ bÃ¹ card láº¡i cho mÃ¬nh nhÃ© phá»¥c vá»¥ ráº¥t dá»… thÆ°Æ¡ng thanks ğŸ˜ "" "
test_000113,0,"""Gia re giao hanh nhanh noi chung okkkkkkkkkkkkkkkkkkkkkkkk "" "
test_000114,0,"""Sáº£n pháº©m ok, giao hÃ ng nhanh ghÃª nha  Láº§n sau sáº½ mua tiáº¿p nha     "" "
test_000115,0,"""Shop giao nhanh, nhiá»‡t tÃ¬nh vá»›i khÃ¡ch sáº½ mua á»§ng há»™ shop ná»¯a, nhÆ°ng k mua chÃ¢n vá»‹t dá»Ÿ quÃ¡ mÃ  s chÃ¡y hÃ ng kinh khá»§ngğŸ˜© "" "
test_000116,0,"""ChÃ¢n gÃ  ngon Äƒn cuá»‘ng láº¯m nha, mÃ¬nh sáº½ á»§ng há»™ shop láº§n sau nÃ¨â€¦   "" "
test_000117,1,"""HÃ¬nh áº£nh vÃ  video mang tÃ­nh cháº¥t nháº­n xuuu  NhÆ°ng mÃ  sáº£n pháº©m cháº¥t lÆ°á»£ng nhÃ© "" "
test_000118,0,"""Shop nhiá»‡t tÃ¬nh chu Ä‘Ã¡o cÃ²n táº·ng quÃ  shop láº¥y nháº§m vá»‹ mÃ¬ nhÆ°ng ko sao háº¿t  Sáº½ quay láº¡i á»§ng há»™  "" "
test_000119,0,"""Ngon nhÃ© Äƒn bao láº§n rá»“i váº«n Ä‘áº·t chá»• nÃ y  gáº§n bÃªn chá»• lÃ m Ä‘áº·t ráº¥t nhanh "" "
test_000120,0,"""Giao hÃ ng siÃªu nhanh lun Ã¡, Äƒn cÅ©ng oke la láº¯m, mua cÃ²n Ä‘Æ°á»£c táº·ng káº¹o ná»¯a há»‹ihi "" "
test_000121,0,"""ChÃ¢n vá»‹t ngon láº¯m nha HÃ¬nh áº£nh mang tÃ­nh cháº¥t nháº­n xuâ¤ï¸â¤ï¸â¤ï¸â¤ï¸â¤ï¸ "" "
test_000122,0,"""ÄaÌm baÌ£n kÃªu Ä‘ang hot nÃªn Ä‘ÄƒÌ£t vÃªÌ€ Äƒn chung thÆ°Ì‰, nhiÌ€n thÃ´i maÌ€ tÆ°Æ¡Ì‰ng Ä‘Ã¢u laÌ€ thaÌ£ch jelly khÃ´ng Ã¢Ìy chÆ°Ì  NhÆ°ng maÌ€ Äƒn cho biÃªÌt vÃ¢Ì£y chÆ°Ì   ğŸ˜‚  VÃ¢Ìƒn cho shop 5 sao lÃ¢Ìy tinh thÃ¢Ì€n vÃ¢Ì£yğŸ‘ "" "
test_000123,0,"""Giao hÃ ng Ä‘áº§y Ä‘á»§, cÃ²n kÃ¨m 1 bá»‹ch quÃ  táº·ng  shop dá»… thÆ°Æ¡ng ğŸ˜‚ mÃ  chÆ°a biáº¿t cÃ´ng dá»¥ng "" "
test_000124,0,"""GÃ³i dongdong mÃ¬nh Äƒn rá»“i nÃªn khÃ´ng chá»¥p Ä‘Æ°á»£c  Chá»§ shop nch dá»… thÆ°Æ¡ng  Sáº½ á»§ng há»™ tiáº¿pâ™¥ï¸â™¥ï¸â™¥ï¸cÃ²n Ä‘c táº·ng thÃªm quÃ  "" "
test_000125,0,"""ChÃ¢n vá»‹t hÆ¡i khÃ³ Äƒn cháº¯c do ko há»£p kháº©u vá»‹ mÃ¬nh, cá»• Äƒn khÃ¡ ngon nhÆ°ng hÆ¡i cay, chÃ¢n vá»‹t thÃ¬ ko cay láº¯m "" "
test_000126,1,"""Xkxkhxmkhxkcxkyxxbcudyj  Iyxgjxyxmxkh jgdy tzjaotzjgxtu "" "
test_000127,0,"""shop giao hÃ ng ráº¥t nhanh hqua má»›i Ä‘áº·t nay Ä‘Ã£ cÃ³ rá»“i  ChÃ¢n gÃ  vs cÃ¡nh gÃ  háº¿t háº¡n bá»‹ chua má»±c cÅ©ng háº¿t háº¡n bá»‹ thiu mÃ¬nh Ä‘Ã¡nh giÃ¡ tá»‘t r nhÆ°ng Äƒn bá»‹ chua ktra thÃ¬ tháº¥y háº¿t háº¡n bá»±c quÃ¡ lÃªn sá»­a Ä‘Ã¡nh giÃ¡ láº¡i áº¡ huhu Ä‘ang Äƒn ngon láº¡i v "" "
test_000128,1,"""HÃ¬nh áº£nh vÃ  clip chá»‰ mang tÃ­nh cháº¥t nháº­n 200 xu ThÃªm 13 kÃ­ tá»± cho Ä‘á»§ "" "
test_000129,1,"""Ueujsjsjsjsjshhshhsjshsjjsjsjjsjsjjsjsbbsbshshdhhdbdbdbndndbdbdnbdnxjxjsjsjjdjdjsjdjsjjsjdjsjsjdjdjjdjsjsjsjshhshshhsjshsbsbsbbsbsbdbbdndbdbdbdbdbdbd "" "
test_000130,0,"""Giao hanh nhanh, shop nhiet tinh, gia ca phai chang, se á»§ng ho ná»­a, cÃ²n tÄƒng them quÃ  "" "
test_000131,0,"""Theo mÃ¬nh tháº¥y thÃ¬ chÃ¢n vá»‹t ráº¥t ngon nha  CÃ²n cá»• cÅ©ng ngon nhÆ°ng hÆ¡i ná»“ng hÆ¡n  MÃ¬nh cÃ³ mua cÃ¡nh nhÆ°ng mÃ  tiáº¿c lÃ  háº¿t hÃ ng  Sáº½ tiáº¿p tá»¥c á»§ng há»™ shop  "" "
test_000132,0,"""Chan Ä‘Ã¹i giao Ä‘ay Ä‘á»§ nhe shop   an nhieu lan nhug mua shop lan Ä‘Ã¢u ok giao hAng nhanh  Ä‘ang an 2 cai quay 2 cÃ¡i 0llllllla "" "
test_000133,0,"""Giao hÃ ng nhanh nÃ¨, Ä‘Ã³ng gÃ³i ká»¹  Cháº¥t lÆ°á»£ng thÃ¬ Äƒn xong má»›i biáº¿t Ä‘c  Ä‚n Thá»­ cho biáº¿t thÃ´i chá»© kg dÃ¡m Äƒn nhiá»u hihihi "" "
test_000134,0,"""Ngonnnnnnnnnnnnnnn láº¯m má»i ngÆ°á»i áº¡, nÃªn thá»­ nhÃ©, shop giao hÃ ng hÆ¡i lÃ¢u thui "" "
test_000135,1,"""Mua nhiá»u láº§n rá»“i nÃªn khá»i review :))))))))))))))))))))))))1234567890-/:;()â‚«&@â€œ ,?!â€™Ã¡dffhjkllpqwrrytititoyogogjfbdbsvxvc ncjvofprlbebegdbvvfjfigngjoejejvdvfjwjwhufigog  "" "
test_000136,0,"""Dccccccccccccccccccccccccccccccccccccccccccccccccccc "" "
test_000137,0,"""Shop phá»¥c vá»¥ ráº¥t dá»… thÆ°Æ¡ng giao hÃ ng ráº¥t nhanh , Ä‘áº§y Ä‘á»§ , Äƒn ráº¥t ngon , mÃ  bÃ¹n ghia tháº¥y ai bÃ¬nh luáº­n cÅ©ng báº£o shop cÃ³ táº·ng quÃ  mÃ  tá»›i lÆ°á»£t mÃ¬nh há»ng cÃ³ ,nÃ³i chung lÃ  shop ok , sáº½ á»§ng há»™ tÃ­p "" "
test_000138,0,"""ÄÃ£ nháº­n Ä‘á»§ so luong chua Äƒn chua biet chat lÆ°Æ¡ng nhÆ° nÃ o   Cam on shop "" "
test_000139,0,"""xÃºc xÃ­ch Äƒn cÃ³ vá»‹ cay cá»§a sa táº¿ Äƒn cÅ©ng ngon nhÆ°ng cÃ³ 2 cá»¥c bÃ© tÃ­ :(( "" "
test_000140,0,"""Ngon láº¯m nha Mn  Bá» vÃ o ngÄƒn mÃ¡t Äƒn sáº½ ngon hÆ¡n nha  Duyá»‡t dá»… Äƒn                                                                                                                                                     "" "
test_000141,0,"""ChÃ¢n gÃ  ngon, há»£p kháº©u vá»‹ Giao hÃ ng nhanh, má»›i Ä‘áº·t trÆ°a hÃ´m qua hnay Ä‘Ã£ nháº­n Ä‘x hÃ ng "" "
test_000142,0,"""HÃ ng y hÃ¬nh nhÆ°ng thiáº¿u hay háº¿t hÃ ng gÃ¬ Ä‘Ã³ shop bÃ¹ tiá»n nÃ³i chung lÃ  ok "" "
test_000143,0,"""ÄÃ£ nháº­n hÃ ng  MÃ¬nh mua láº¯t nháº¯t mÃ  shop giao Ä‘á»§ háº¿t, cÃ²n km táº·ng kÃ¨m 1 gÃ³i thá»‹t cay chay ná»¯a  Thanks shop "" "
test_000144,0,"""Ä‚n ráº¥t ngon lun  , chá»§ shop tÆ° váº¥n ráº¥t nhiá»‡t tÃ¬nh  , giao hÃ ng nhanh mÃ  cÃ²n táº·ng thÃªm quÃ  thÃ­ch háº¿t chá»— nÃ³i ğŸ¥° "" "
test_000145,0,"""Giao hÃ ng nhanh, Ä‘Ã£ dÃ¹ng qua trÆ°á»›c Ä‘Ã¢y  Tháº¥y shop bÃ¡n giÃ¡ ráº» nÃªn dÃ¹ng thá»­, hy vá»ng cÃ³ tráº£i nghiá»‡m áº¥n tÆ°á»£ng   "" "
test_000146,0,"""XÃºc xÃ­ch khÃ¡ ngon , vá»‹ hÆ¡i láº¡ , khi nhai giÃ²n giÃ²n , shop gÃ³i hÃ ng nhanh "" "
test_000147,1,"""Láº§n Ä‘áº§u tiÃªn mua cÃ³ 2 cÃ¡i thÃ´i cÃ²n giá» mua láº§n gÃ n chá»¥c cÃ¡i mÃ  k dÃ¡m Äƒn nhÃ¬u Ä‘Ã¢u "" "
test_000148,0,"""ngon cá»±c , Ä‘c táº·ng thÃªm quÃ  , shop bao dá»… thÆ°Æ¡ng                   "" "
test_000149,1,"""Fyffhcjvndgsgsgxggmchchfkfkydykdmhfhfjvvjvufysysysuidjchfufududjfifjg "" "
test_000150,0,"""Ä‚n ngon nhÆ°ng hÆ¡i cay  Máº¯c  Máº¥y Ä‘á»©a nhá» khoÃ¡i Äƒn quÃ¡ nhÆ°ng ko Ä‘á»§ dj mua cho Äƒn tháº£ ga   "" "
test_000151,0,"""áº¢nh khÃ´ng liÃªn quan nhÆ°ng giao hÃ ng ok, Ä‘Ã³ng gÃ³i ká»·,Ä‘á»§ sá»‘ lÆ°á»£ng  Sáº½ mua tiáº¿p      "" "
test_000152,1,"""Giao Ä‘á»§ hÃ ng, giao nhanh má»›i má»™t ngÃ y lÃ  nháº­n Ä‘Æ°á»£c hÃ ng rá»“i, sale nÃªn mua Äƒn thá»­ Ä‘i "" "
test_000153,0,"""ChÃ¢n vá»‹t ngon, giÃ¡ cÅ©ng ráº» so vá»›i máº·t báº±ng chung, hÃ¬nh áº£nh mang tÃ­nh cháº¥t nháº­n xu "" "
test_000154,1,"""Hdidjdbfkfmfmmnnnnmmmmmmm Bxjdjdndcnododkndnfbdjdkdbdbdbg "" "
test_000155,1,"""Äáº·t 1 cÃ¡nh vá»‹t mÃ  ko cÃ³, thay vÃ o chÃ¢n vá»‹t mÃ  shop ko bÃ¡o, chuáº©n bá»‹ hÃ ng cháº­m, vá»‹ oke  "" "
test_000156,0,"""Cháº¥t lÆ°á»£ng sáº£n pháº©m tuyá»‡t vá»i Ä‘Ã³ng gÃ³i ráº¥t Ä‘áº¹p vÃ  cháº¯c cháº¯n sáº½ á»§ng há»™ shop "" "
test_000157,0,"""Cháº¥t lÆ°á»£ng sáº£n pháº©m tuyá»‡t vá»i Ä‘Ã³ng gÃ³i ráº¥t Ä‘áº¹p vÃ  cháº¯c cháº¯n sáº½ á»§ng há»™ shop "" "
test_000158,1,"""Ä‚n Ä‘Æ°á»£c má»—i Ä‘Ã¹i vá»‹t vá»›i chÃ¢n vá»‹t cá»• vá»‹t cÃ²n láº¡i bá»Ÿ bá»Ÿ dá»Ÿ kinh, dá»Ÿ nháº¥t lÃ  cÃ¡  "" "
test_000159,0,"""ngon láº¯m má»i ngÆ°á»i, khÃ´ng quÃ¡ cay láº¯m, láº§n sau sáº½ á»§ng há»™ ná»¯a â¤â¤â¤ "" "
test_000160,0,"""ChÃ¢n vá»‹t Ã­t cay, dá»… Äƒn  MÃ¬nh Ä‘Ã£ mua láº¡i láº§n thá»© 3 rá»“i  Shop giao hÃ ng tÆ°Æ¡ng Ä‘á»‘i nhanh  Ai hay Äƒn váº·t thÃ¬ cÃ³ thá»ƒ mua tÃ­ch Äƒn dáº§n ğŸ˜†ğŸ˜†ğŸ˜†ğŸ˜†ğŸ˜†ğŸ˜†ğŸ˜†ğŸ˜†            ,,,,,,,,,,,,,,,,,,,,,,,,,,,, "" "
test_000161,0,"""Giao hÃ ng Ä‘á»§ áº¡, bá»‹ch nÃ o bá»‹ch náº¥y nhá» nhá» xinh xinh nhÃ¬n cÆ°ng xÄ©u áº¡ "" "
test_000162,1,"""ngon, ko cay an nhieu nghiá»‡n nÃ³ Ã  mÃ  nÃ³ nÃ³ng an noi mun nhen do gia vi nhieu "" "
test_000163,0,"""chÃ¢n vá»‹t Äƒn khÃ´ng há»£p kháº©u vá»‹ vá»›i mÃ¬nh nÃªn khÃ´ng tháº¥y ngonnn  "" "
test_000164,0,"""Nháº­n Ä‘á»§ hÃ ng, chÃ¢n vá»‹t ngon Ä‘Æ°á»£c táº·ng thÃªm gÃ³i á»›t hay gÃ¬ Ä‘Ã³ babsjsnd "" "
test_000165,0,"""Cháº¥t lÆ°á»£ng áº©n pháº©m tuyá»‡t vá»i so vá»›i giÃ¡ tiá»n Ä‘Ã³ng gÃ³i kÄ©  9/10 luÃ´n "" "
test_000166,1,"""ÄÃ£ nháº­n Ä‘Æ°á»£c hÃ ng, mÃ  thá»i gian giao hÃ ng khÃ´ng Ä‘Æ°á»£c nhanh cho láº¯m "" "
test_000167,0,"""Nhanh ok á»•n kkkkkkkkkkkkkkkkkkkkkkkkkkkkkkkkkkkkkkkkkkkkk "" "
test_000168,0,"""Ä‘aÌƒ nhÃ¢Ì£n Ä‘Æ°Æ¡Ì£c haÌ€ng Ä‘Ã¢Ì€y Ä‘uÌ‰, Äƒn cÅ©ng táº¡m Ä‘Æ°Æ¡Ì£c           "" "
test_000169,0,"""Shop gÃ³i hÃ ng kÄ©, giao hÃ ng sá»›m hÆ¡n dá»± kiáº¿n, giao Ä‘áº§y Ä‘á»§ sá»‘ lÆ°á»£ng tuiii Ä‘Ã£ Ä‘áº·tttt, Ä‘á»“ Äƒn thÃ¬ khá»i bÃ n siuuuuu ngon luonnn á»›, shop nháº¯n tin cÅ©ng siu cáº¥p dá»… thÆ°nn "" "
test_000170,1,"""Ä‘Ã£ nháº­n hÃ¬nh áº£nh khÃ´ng liÃªn quan    ahihi                  "" "
test_000171,0,"""Giao hÃ ng nhanh, ngon xá»‰u up xá»‰u dow luÃ´n, giÃ¡ cáº£ há»£p lÃ­, hrhdhejsjksjdndhjdgsuwbw  "" "
test_000172,0,"""Ngon Äƒn khÃ´g bá»‹ háº¯c hay ná»“ng mÃ¹i quáº¿ hay há»“i hay ngá»§ vá»‹ hÆ°Æ¡ng j cáº£ cay vá»«a nÃªn khÃ¡ okieeee "" "
test_000173,1,"""Äa sá»‘ Ä‘á»u cay, cÃ³ chÃ¢n gÃ  vÃ ng lÃ  khÃ´ng cay thÃ´i, sáº½ mua láº¡i chÃ¢n gÃ , máº¥y kia cay quÃ¡ Äƒn khÃ´ng ná»•i  "" "
test_000174,0,"""HÃ ng OK !! Ä‚n váº·t ráº¥t ngon Giao hÃ ng nhanh!!!!!!!!!!!!!!!!!!!!!! "" "
test_000175,1,"""ChÃ¢n vá»‹t Äƒn hÆ¡i tanh kkshsbabakkdksjsjsjsjsjsjsjjssjjssjjs "" "
test_000176,0,"""ChÃ¢n gÃ  siÃªu siÃªu ngon, Äƒn ráº¥t Ä‘Ã£ miá»‡ng, sáº½ tiáº¿p tá»¥c á»§ng há»™ shopp "" "
test_000177,0,"""Sáº£n pháº©m tá»‘t cháº¥t lÆ°á»£ng giao hÃ ng ráº¥t nhanh lun má»›i Ä‘áº·t bá»¯a trc bá»¯a sau cÃ³ rá»“i chÆ°a Äƒn chÆ°a bik "" "
test_000178,1,"""Giao Ä‘á»§ Äƒn cÅ©ng Ä‘c nha Äƒn chÆ¡i cho vui thoi chá»© sá»£ bá»‹                            "" "
test_000179,1,"""Äá»“ ngon, giao Ä‘á»§ hÃ ng, shop cÃ³ táº·ng 1 cá»¥c khÃ¡c nhá» nhá»  ThÃ¹ng giao vá» mÃ³p háº¿t cáº£, mÃ¬nh cÅ©ng lo do cÃ³ mÃ¬ gÃ³i á»Ÿ trong nhÆ°ng may lÃ  khÃ´ng vá»¡ gÃ¬  "" "
test_000180,0,"""MÃ¬nh mua láº§n 2 rá»“i mng áº¡  SiÃªu siÃªu ngon luÃ´n Ã½ nma Ä‘á»™c hay khong thÃ¬ mÃ¬nh khong bietâ¤ï¸ "" "
test_000181,1,"""Tháº­t lÃ²ng lÃ  vá»‹ nhÆ° cháº£ bÃ² cháº£ lá»¥a áº¥y xong nÃ³ hÆ¡i chua chua cay cay, cÅ©ng Ä‘c "" "
test_000182,0,"""HÃ¬nh áº£nh chá»‰ mang tÃ­nh cháº¥t minh hoáº¡, Ä‘á»“ Äƒn ngon, giao hÃ ng ráº¥t nhanh, sáº½ á»§ng há»™ tiáº¿p láº§n sau "" "
test_000183,1,"""Giao sai yÃªu cáº§u   Trá»« 1 sao Ä‘áº·t 2 trÃ  Ä‘Ã o 2 trÃ  xanh   Giao trÃ  xanh ko Ã  ğŸ˜¶ "" "
test_000184,1,"""mÃ¬nh Ä‘áº·t chÃ¢n vá»‹t giao chÃ¢n gÃ  ko Ã  huhu, nhÆ°ng ko sao, váº«n ráº¥t ngon nhe "" "
test_000185,0,"""Okk nha Äƒn ngon siu cay hhhhhhhhhhhhhhhhhkkkkkkkkkkkkkkkkkkkkkkkk "" "
test_000186,0,"""Äƒn Ä‘Ãºng ngon luÃ´n Ä‘áº·t cÃ¡nh Ä‘Ã¹i chÃ¢n gÃ  chÃ¢n vá»‹t vá»›i cá»• vá»‹t Äƒn 1 cÃ¡i ghiá»n luÃ´n  "" "
test_000187,0,"""Äá»“ Äƒn ráº¥t ngonn áº¡ Ngon láº¯m lun Sáº½ uá»•ng há»™ shop nhiá»u láº§n áº¡ Ráº¥t Ä‘Ã¡ng tiá»n "" "
test_000188,1,"""Gghhjjbjbhhjjhhjhbjbjbvbjbvvbbjjbvvvvcvvvbhjbvvvhbbjvvjvbjvjjvjvhjkvvjkbcjhvjj "" "
test_000189,0,"""lÃºc Ä‘áº§u Äƒn thá»­ tháº¥y láº¡ láº¡ nhÆ°ng nÃ³ ngon láº¯m nha mn, Äƒn lÃ¢u lÃ  nghiá»‡n luÃ´n Ã­ ğŸ˜‹ "" "
test_000190,0,"""Dáº¡ ngon!!! NÃªn mua nha mn  HÃ¬nh áº£nh w vid láº¥y xu hoi chá»© há»ng cÃ³ gÃ¬ Ä‘Ã¢uğŸ˜… "" "
test_000191,0,"""Ä‚n cÅ©ng ok láº¯m áº¡, giÃ¡ ráº» quÃ¡ há»i nÃªn mua Äƒn thá»­ tráº£i nghiá»‡m áº¡ - - "" "
test_000192,1,"""Babyqjqoaosworqeiyayrbxax áº±kgoqogaosdbfaabcbqgyofquwyrakdafnvaxnanvmbdhkjsjjwtwdywdyow "" "
test_000193,0,"""Giao hÃ ng nhanh, Ä‘Ãºng sá»‘ lÆ°á»£ng vÃ  hÃ ng Ä‘Ã£ order ğŸ‘ğŸ» ráº¥t ngon ğŸ¥° "" "
test_000194,0,"""Ngon mÃ  Äƒn hÆ¡i ngÃ¡n hoyyy ğŸ¤£ğŸ¤£ğŸ¤£ğŸ¤£ğŸ¤£ğŸ¤£ğŸ¤£ğŸ¤£ğŸ¤£ğŸ¤£ğŸ¤£ğŸ¤£ğŸ¤£ğŸ¤£ Mua Äƒn thá»­ ik nhÃ³ ğŸ‘ŒğŸ»ğŸ‘ŒğŸ»ğŸ‘ŒğŸ» "" "
test_000195,0,"""Ngon quÃ© Ä‘á»‰nhhhh lunnnnnnnnnnnnnnnnnnnnnnnnnnnnnnnnnn "" "
test_000196,1,"""mkdkdjdhdh jdkdkdjdid jdkejdjdkd jjdjdkdkd jdkdndkd jdkdndikd jdkdjdud  "" "
test_000197,0,"""Giao hÃ ng hÆ¡i lÃ¢u má»™t chÃºt nhÆ°ng mÃ  bÃ¹ láº¡i shop cÃ³ táº·ng thÃªm quÃ  chÃ¢n vá»‹t Äƒn cÅ©ng ráº¥t okeee  "" "
test_000198,0,"""ngon mlem mlem ggÄ‘gi bbc xayvccgdaeuoá»¥cvhhggdtjvÄ‘bcsghv "" "
test_000199,0,"""MÃ¬nh Ä‘Ã£ mua láº§n thá»© 2 mÃ¬nh khÃ¡ hÃ i lÃ²ng vá» shop                 "" "
test_000200,0,"""Sáº£n pháº©m dá»… Äƒn, ngon, giao hÃ ng nhanh vÃ  shop ráº¥t nhiá»‡t tÃ¬nh   "" "
test_000201,0,"""Ä‚n ngon, hÆ¡i cay cay, Äƒn thá»­ thÃ´i mÃ  nÃ³ ngon dÃ£ man luÃ´n:))) nhÆ°ng hÆ¡i Ã­t thá»‹tğŸ™‚ğŸ™‚ğŸ™‚ğŸ™‚ğŸ™‚hÃ¬nh áº£nh chá»‰ mang tÃ­nh cháº¥t nháº­n xu "" "
test_000202,0,"""Mua thá»­  Hangg chÆ°a Äƒ nÃªn chÆ°a biáº¿t ngon dá»Ÿ  Shop ship hÃ ng sá»›m ok "" "
test_000203,0,"""Ngon nhÃ©  Láº§n nÃ y shop ship hÃ ng nhanh hÆ¡n láº§n trÆ°á»›c  ğŸ‘ "" "
test_000204,0,"""Cháº¥t lÆ°á»£ng sáº£n pháº©m xá»‹n sÃ² láº¯m nha, date cÅ©ng xa, mÃ  shop giao hÃ ng cá»±c kÃ¬ nhanh, cÃ²n Ä‘Æ°á»£c táº·ng quÃ  ná»¯a nha "" "
test_000205,0,"""Ngon nhÃ© giao hÃ ng nhanh láº¯m,  hhhhhhhhhhhhhhhhhhbbbbbbbbbbbhhhh "" "
test_000206,0,"""ChÃ¢n gÃ  cay ngon vá»«a Äƒn  ChÃ¢n vá»‹t cÅ©ng ngon luÃ´n  Giao hÃ ng nhanh "" "
test_000207,0,"""Ä‘á»“ Äƒn ngon giao hÃ ng nhanh cháº¥t lÆ°á»£ng Ä‘Ã³ng gÃ³i ká»¹ cÃ nggg láº¯mmm "" "
test_000208,1,"""ÄÃ³ng gÃ³i sáº£n pháº©m k thá»ƒ cá»©ng hÆ¡n  hÆ°Æ¡ng vá»‹ táº¡m á»•n Giao hÃ ng nhanh "" "
test_000209,1,"""Mdmdfmffmmffmfmnffnngf f rjrnrnndnnnfnnfnnfnngg g g g g  G ngngngg "" "
test_000210,0,"""HÃ ng giao nhanh Ä‘Ã³ng gÃ³i cáº©n tháº­n sáº½ tiáº¿p tá»¥c á»§ng há»™ shop á»Ÿ cÃ¡c sáº£n pháº©m khÃ¡c ná»¯a  "" "
test_000211,0,"""Video Ä‘á»ƒ nháº­n xu thÃ´i áº¡ ;-; áº£nh bÃªn lÃ  chÃ¢n gÃ  vÃ  cÃ¡nh vá»‹t, siÃªu ngon, ráº» ná»¯a nha <3 "" "
test_000212,0,"""Hang ok , gia re ma ngon chat luong , video k lien quan cho lam , ğŸ˜ "" "
test_000213,0,"""Giao hÃ ng nhanh ,gÃ³i kÄ© cÃ ng , tuyá»‡t vá»i sáº½ á»§ng há»™ tiáº¿p vÃ o Ä‘á»£t sau "" "
test_000214,0,"""Gioanhangf nhanh Ä‘á»§ sá»‘ lÆ°á»£ng má»i nh nÃªn chá»n loáº¡i Ã­t cay nÃ³ dá»… Äƒn hÆ¡n "" "
test_000215,0,"""ÄÃ£ nháº­n hÃ ng  Ngon "" "
test_000216,1,"""XÃºc xÃ­ch quÃ¡ nhá» so vá»›i tÆ°á»Ÿng tÆ°á»£ng  Ä‚n ko dÃ­nh rÄƒng "" "
test_000217,1,"""â€œRa Ä‘á»i hai tay tráº¯ng                          LÃ¬a Ä‘á»i tráº¯ng hai tay                          Sao mÃ£i nháº·t cho Ä‘áº§y                          TÃºi Ä‘á»i nhÆ° mÃ¢y bayâ€  "" "
test_000218,1,"""áº¢nh vÃ  video chá»‰ mang tÃ­nh cháº¥t nháº­n xu "" "
test_000219,0,"""ChÃ¢n vá»‹t nhÃ  shop nÃ y mÃ¬nh mua cÅ©ng nhiá»u láº§n, quen chá»— nÃªn mua  GiÃ¡ cáº£ vá»«a pháº£i, ship hÃ ng nhanh lÃ  Ä‘iá»ƒm mÃ¬nh thÃ­ch nháº¥t "" "
test_000220,1,"""Bzjzjsixjcoskwjxjxiwjnsxowpqkxh "" "
test_000221,1,"""XÃºc xÃ­ch k cay cÅ©ng k giá»‘ng hÃ¬nh láº¯m  Cho bÃ© Äƒn ok nÃªn thÃ´i cÅ©ng k Ã½ kiáº¿n nhiá»u "" "
test_000222,0,"""Cháº¥t lÆ°á»£ng sáº£n pháº©m tuyá»‡t vá»i, shop phá»¥c vá»¥ tá»‘t, thá»i gian giao hÃ ng nhanh "" "
test_000223,0,"""Ráº¥t ngon , nhá»¯ng cá»¥c xÃºc xÃ­ch ráº¥t dá»… thÆ°Æ¡ng  "" "
test_000224,1,"""  "" "
test_000225,1,"""ÄÆ°á»£c cÃ³ 2 miáº¿ng nhá» xÃ­u - - nnn "" "
test_000226,0,"""Giao Ä‘á»§ cÃ²n Ä‘Æ°á»£c thÃªm bÃ¡nh ná»¯a iu sá»‘p Äƒn ngonnn "" "
test_000227,1,"""Hehdh sushi DBSK DBSK dioxide HÄND dungeons shi duehehjej "" "
test_000228,0,"""Ä‚n ráº¥t ngon,giao Ä‘Ãºng hÃ ng "" "
test_000229,1,"""        "" "
test_000230,0,"""ngon vá»›i Ä‘á»“ tá»›i nhanh nÃ¨ ğŸ’ "" "
test_000231,0,"""Giao Ä‘Ãºng hÃ ng Ä‘áº§y Ä‘á»§, 2 ngÃ y Ä‘Ã£ nháº­n Ä‘c hÃ ng  Nhá» e mÃ¬nh Äƒn thÃ¬ nÃ³ nÃ³i cÅ©ng ngon  Vá»‹ hÆ¡i láº¡c k tháº¥y cay, riÃªng mÃ¬nh cháº¯c k há»£p kháº©u vá»‹ nÃªn k tháº¥y ngon, Äƒn thá»­ cho biáº¿t mÃ¹i vá»‹ ğŸ‘ğŸ‘ video k liÃªn quan ğŸ¤£ "" "
test_000232,0,"""HÃ¬nh áº£nh vÃ  video chá»‰ mang tÃ­nh cháº¥t nháº­n xu,sp tá»‘t,gÃ³i hÃ ng hÆ¡i sÆ¡ sÃ i xÃ­u "" "
test_000233,0,"""Giao hÃ ng khÃ¡ nhanh nhÆ°ng mÃ  khÃ´ng ngon nhÆ° mÃ¬nh tÆ°á»Ÿng máº¥y báº¡n mua nÃªn cÃ¢n nháº¯c kÄ© "" "
test_000234,0,"""Ngonnnnnnnnnnnnnnnnnn láº¯m nha nh ship hÆ¡i lÃ¢u ğŸ’ğŸ’ğŸ’ğŸ’ğŸ’ğŸ’ğŸ’ğŸ’ğŸ’ğŸ’ğŸ’ğŸ’ğŸ’ğŸ’ğŸ’ğŸ’ğŸ’ğŸ’ğŸ’ğŸ’ğŸ’ğŸ’ğŸ’ğŸ’ğŸ’ğŸ’ğŸ’ğŸ’ğŸ’ğŸ’ğŸ’ğŸ’ğŸ’ğŸ’ğŸ’ğŸ’ğŸ’ğŸ’ğŸ’ "" "
test_000235,0,"""Ngon, giao hÃ ng nhanh, shop nháº¯n tin thÃ¢n thiá»‡n, thá»‰nh thoáº£ng Äƒn váº·t cÅ©ng ráº¥t vui "" "
test_000236,0,"""HÃ ng Ä‘áº¹p, giá»‘ng vá»›i mÃ´ táº£ sáº£n pháº©m  ÄÃ³ng gÃ³i kÄ© cÃ ng  Em sáº½ mua thÃªm nhiá»u láº§n ná»¯a áº¡  "" "
test_000237,0,"""ÄÃ£ mua thÃªm láº§n 2, cÃ³ táº·ng cá»¥c káº¹o mÃºt dá»… thÆ°Æ¡ng ghÃª   Cáº£m Æ¡n shop "" "
test_000238,0,"""ChÃ¢n vá»‹t ngon láº¯m bÃ  ngoáº¡i mÃ¬nh ráº¥t thÃ­ch nhÆ°ng nÃ³ hÆ¡i cay ngon láº¯m luÃ´n mÃ¬nh cho shop 5 sao "" "
test_000239,1,"""ChÃ¢n vá»‹t thÃ¬ ngon nhÆ° má»±c Äƒn khÃ´ng Ä‘Æ°á»£c bá» lun mÃ¹i kÃ¬ láº¯m mÃ¬nh ko kÃ©m Äƒn nhÆ° má»±c nÃ y mÃ¬nh thua cáº¯n miáº¿ng Ä‘áº§u bá» luÃ´n "" "
test_000240,0,"""HÃ¬nh áº£nh mang tÃ­nh cháº¥t láº¥y xu thÃ´i  Chá»© gÃ³i hÃ ng cháº¯c cháº¯n ngon k thiáº¿u mÃ³n nÃ o  Mn nÃªn mua "" "
test_000241,0,"""ChÃ¢n vá»‹t thÆ¡m ngon, ship nhanh , shop nhiá»‡t tÃ¬nh m n nÃªn mua á»§ng há»™ shop nha "" "
test_000242,0,"""giao hÃ ng nhanh Ä‘Ã³ng gÃ³i Ä‘áº§y Ä‘á»§ Ä‘á»“ Äƒn cay nhÆ°ng k sao cho 5 saooo "" "
test_000243,1,"""Giao Ä‘Ãºng Ä‘á»“ Ä‘áº·t, giao Ä‘Ãºng ngÃ y dá»± kiáº¿n khuyÃªn má»i ngÆ°á»i nÃªn mua chá»— ráº» hÆ¡n cÃ¬ chá»— nÃ y cÃ²n khÃ¡ Ä‘áº¯t "" "
test_000244,0,"""Giao hÃ ng nhanh, Ä‘á»§ sáº£n pháº©m, cháº¥t lÆ°á»£ng phá»¥c vá»¥ siÃªu tá»‘t ğŸ˜˜ "" "
test_000245,0,"""chÃ¢n vá»‹t vá»›i thanh cua ngon láº¯m áº¡ ğŸ˜ cÃ²n xÃºc xÃ­ch thÃ¬ mÃ¬nh tháº¥y hÆ¡i hÃ´i, Äƒn ko há»£p kháº©u vá»‹ nhÆ°ng mÃ  2 mÃ³n kia thÃ¬ ngon láº¯mm "" "
test_000246,0,"""Giao hÃ ng nhanh ÄÃ³ng gÃ³i ká»¹ Äáº§y Ä‘á»§ mÃ³n Cháº¥t lÆ°á»£ng toáº¹t vá»i ğŸ‘ğŸ‘ğŸ‘ğŸ‘ğŸ‘ğŸ‘ğŸ‘ğŸ‘ "" "
test_000247,0,"""HÃ ng ok  Dáº·n shop lÃ  shop lÃ m theo yÃªu cáº§u ngay  CÃ³ Ä‘iá»u shop tk hÆ¡i lÃ¢u  Kháº¯c phá»¥c Ä‘iá»ƒm nÃ y lÃ  ok nha "" "
test_000248,1,"""MÆ°a hÃ ng cáº£m giÃ¡c khÃ³ chá»‹u   Giao cháº­m k nÃ³i gÃ¬ Ä‘ang dá»‹ch HÃ ng háº¿t háº¡n tá»« 1 thÃ¡ng trÆ°á»›c r váº«n Ä‘em ra bÃ¡n Ä‘c   bÃ¡nh bao thÃ¬ chuá»™t khoÃ©t nÃ¡t bÃ©t ra Äƒn kiá»ƒu j Ä‘c   tÃºi káº¹o cÅ©ng bá»‹ khoÃ©t cháº£ hiá»ƒu kiá»ƒu j ğŸ™„ğŸ™„ "" "
test_000249,1,"""ÄÆ¡n hÃ ng 10 chÃ¢n gÃ  vÃ  5 Ä‘Ã¹i gÃ , giao Ä‘á»§ 10 Ä‘Ã¹i + 45k tiá»n hoÃ n Ä‘Ã¹i gÃ , Ä‘Ã£ liÃªn há»‡ shop vá» pháº§n tiá»n hoÃ n thiáº¿u  Äáº¿n 17h42' 27/7 váº«n chÆ°a nháº­n Ä‘c tiá»n hoÃ n mÃ  shop cmt lÃ  Ä‘Ã£ chuyá»ƒn khoáº£n, vÃ  Ä‘Ã³ng trang ngÆ°ng bÃ¡n  "" "
test_000250,0,"""CÃ³ chÃ¢n vá»‹t vá»›i chÃ¢n gÃ  lÃ  cáº£m tháº¥y ngon nháº¥t cÃ²n bÃ o ngÆ°,   thÃ¬ mÃ¹i tiÃªu hÆ¡i nhiá»u hÆ¡i khÃ³ Äƒn, cay ná»“ng  BÃ¡nh trÃ¡ng chá»‰ cÃ³ má»—i gÃ³i satáº¿ vá»›i Ã­t muá»‘i khÃ¡ khÃ´ng ngon láº¯m  CÃ²n láº¡i thÃ¬ khÃ´ng biáº¿t vÃ¬ cÃ³ chia cho ngÆ°á»i khÃ¡c cÃ¹ng Äƒn ^^  giao hÃ ng khÃ¡ nhanh Ä‘Ã³ng gÃ³i cháº¯c cháº¯n cá»±c "" "
test_000251,0,"""Ngon láº¯m nha, thÃ­ch nháº¥t mÃ¬ tuá»•i thÆ¡ UwU shop ráº¥t Ä‘Ã¡ng yÃªu luÃ´n "" "
test_000252,1,"""Láº§n Ä‘áº§u mua Äƒn thá»­ ko biáº¿t vá»‹ ntn  LÃºc nháº­n hÃ ng tháº¥y cÃ¡i há»™p bá»‹ rÃ¡ch 1 lá»— sá»£ hÃ ng mÃ¬nh bá»‹ bÃ³c máº¥t, mÃ¬nh vá»™i kiá»ƒm tra thÃ¬ váº«n cÃ²n Ä‘á»§ hÃ ng may quÃ¡    mÃ³n mÃ¬nh Ä‘áº·t ko cÃ³ hay sao Ä‘Ã³ shop cÅ©ng bÃ¹ vÃ´ vÃ  cÃ²n táº·ng quÃ  cho mÃ¬nh , tháº¥y táº·ng lÃ  tháº¥y Æ°ng cÃ¡i bá»¥ng r   "" "
test_000253,0,"""RÃ¢u má»±c Äƒn cÃ³ vá»‹ nhÆ° máº¥y sá»£i cay nhÆ°ng khÃ´ng ngá»t báº±ng  XÃºc xÃ­ch Äƒn á»•n Ã¡p  CÃ¡nh vá»‹t, chÃ¢n gÃ  chÃ¢n vá»‹t Äƒn khÃ¡ ok, mami tui ráº¥t thÃ­ch nÃªn tui cho 5ğŸŒŸ KhÃ´ng tiá»‡n chá»¥p hÃ¬nh nÃªn Ä‘Äƒng máº¥y chiáº¿c case má»›i mua "" "
test_000254,0,"""Shop giao Ä‘á»§ mÃ³n, cÃ²n thÃªm 1 bá»‹ch nhá» táº·ng kÃ¨m   NgÃ y sáº£n xuáº¥t trÃªn bao bÃ¬ lÃ  thÃ¡ng 3, vá»«a ká»‹p Ä‘á»ƒ Äƒn háº¿t Ä‘á»‘ng Ä‘Ã³  Äá»“ Äƒn ngon, cay vá»«a pháº£i   "" "
test_000255,0,"""ÄÃ³ng gÃ³i cáº©n tháº­n, hÃ ng giao nhanh  ChÃ¢n vá»‹t Äƒn nhiá»u láº¯m rá»“i mÃ  váº«n tháº¥y ngon  Káº¹o kim, xÃ­ muá»™i, bá»™t trÃ¡i cÃ¢y Äƒn lÃ m nhá»› há»“i tuá»•i thÆ¡ ghÃª luÃ´n Ã½  "" "
test_000256,0,"""ChÃ¢n gÃ  ngon cay !!! Äc táº·ng thÃªm quÃ  nÃªn ná»¯a    Äƒn ghiá»n gÃª nÃªn mua tÃ­p kkkkkksbhdjdldndjxxlx  "" "
test_000257,0,""" Sáº£n pháº©m ráº¥t ngon   Ä‚n ghiá»n  luÃ´n Ã¡  GiÃ¡ cáº£ thÃ¬ tui tháº¥y ráº» hÆ¡n so vá»›i thá»‹ trÆ°á»ng   Sáº½ quay láº¡i á»§ng há»™ shop vÃ o má»™t ngÃ y Ä‘áº¹p tr cÃ¡i miá»‡ng láº¡i thÃ¨m Äƒn áº¡ ğŸ™†â€â™€ï¸ "" "
test_000258,0,"""ChÃ¢n gÃ  ngon hÆ¡n chÃ¢n vá»‹t kakskfkkkkkkjjjshsbsbdnndndndnnensjjsjx  D d dndnndnxnxnxnxnjdj "" "
test_000259,1,"""ChÃ¢n gÃ  nÃ y mÃ¬nh Äƒn nhiá»u rá»“i  Ä‚n ráº¥t dÃ­nh luÃ´n Ã¡ kkkk ngá»“i chÆ¡i nhai nhai vui miá»‡ng "" "
test_000260,0,"""Äá»“ Äƒn thÃ¬ cÅ©ng Ä‘c ok  Chá»‰ lÃ  Ä‘Ã¹i Äƒn hÆ¡i ghÃª khÃ´ng Ä‘c ngon cho láº¯m nhÆ°ng máº¥y mÃ³n cÃ²n láº¡i thÃ¬ ok "" "
test_000261,0,"""Giao Ä‘á»§ hÃ ng, chÆ°a Äƒn nÃªn chÆ°a pik mÃ¹i vá»‹ sao, nhÆ°ng dc shop táº·ng thÃªm 1 gÃ³i rÃ¢u má»±c ná»¯a, thanks "" "
test_000262,0,"""Shop tÆ° váº¥n nhanh láº¹ ğŸ‘  Date cÃ²n má»›i / Ä‘Ã³ng gÃ³i Ä‘áº¹p  Máº¥y homie an tÃ¢m mua sáº¯m nhÃ© ğŸ˜˜ Shop cÃ²n táº·ng thÃªm vÃ i cÅ© káº¹o nhÄƒm nhi ná»¯a ğŸ¤© "" "
test_000263,0,"""HÃ ng Ä‘á»§ ngon sÄƒn sale chá»§ cÃ³ 1k nÃªn quÃ¡ Æ°ng rá»“i  NÃªn mua Äƒn thá»­ nha "" "
test_000264,0,"""Shop giao Ä‘á»§ hÃ ng, cÃ²n táº·ng thÃªm káº¹o ná»¯a  NhÆ°ng mÃ  hÃ ng order nÃªn Ä‘á»£i hÆ¡i lÃ¢u nÃ¨  MÃ¬nh chÆ°a Äƒn thá»­ nÃªn chÆ°a biáº¿t ngon hay k!! "" "
test_000265,0,"""Cháº¥t lÆ°á»£ng tá»‘t giao nhanh nhÆ°ng em Ä‘áº·t thanh cua láº¡i thÃ nh cÃ¡i nÃ y :((  "" "
test_000266,0,"""ChÃ¢n vá»‹t Äƒn ngon, láº¡ miá»‡ng, loáº¡i mÃ u xanh Ã­t cay, dÃ¹ng lÃ m Ä‘á»“ nháº¯m lÃ  tuyá»‡t vá»i "" "
test_000267,0,"""Mua láº§n thá»© 3 , shop siu siu dá»… thÆ°Æ¡ng , cÃ²n táº·ng thÃªm quÃ  ğŸ˜˜ğŸ˜˜ "" "
test_000268,1,"""Nháº­n Ä‘á»§ hÃ ng, giá»‘ng mÃ´ táº£  MÃ¹i bÆ¡ quÃ¡  nhiá»u, lÆ°u hÆ°Æ¡ng pháº£n pháº¥t , Äƒn vá»¥n lÃ  bá»‹ phÃ¡t hiá»‡n ngay ğŸ˜‚ "" "
test_000269,0,"""ChÃ¢n vá»‹t vÃ  cÃ¡nh vá»‹t ngon Giao hÃ ng nhanh Shop nhiá»‡t tÃ¬nh, thÃ¢n thiá»‡n "" "
test_000270,0,"""chÃ¢n gÃ  ngon, cÃ³ gÃ¢n, cay vá»«a ná»¯a, mÃ¬nh ráº¥t thÃ­ch nÃªn Ä‘Ã£ mua láº¡i ğŸ¥° "" "
test_000271,0,"""ÄÃ³ng gÃ³i ok  MÃ  Äƒn khÃ´ng há»£p kháº©u vá»‹ láº¯m cÃ³ thá»ƒ mua Äƒn thá»­  "" "
test_000272,0,"""Ngon  GiÃ¡ tá»‘t  Giao hÃ ng nhanh  MÃ¬nh Äƒn háº¿t r nÃªn kh cÃ³ hÃ¬nh :)))))))))))))))) "" "
test_000273,0,"""Sáº£n pháº©m Ä‘Ãºng nhÆ° quáº£ng cÃ¡o, sáº¡ch sáº½  Gá»n gÃ ng, láº§n Ä‘áº§u Äƒn nÃªn vá»‹ hÆ¡i láº¡ miá»‡ng chÆ°a quen "" "
test_000274,0,"""Sáº£n pháº©m Ä‘á»§,Ä‘Ã³ng gÃ³i sáº£n ko Ä‘c cháº¯c cháº¯n,shop phá»¥c vá»¥ Ä‘c ,giao hÃ ng nhanh Ä‘áº·t 1 ngÃ y trÆ°á»›c  ,ngÃ y hÃ´m nay Ä‘Ã£ cÃ³ cho shop 5 sao nÃ¨ sáº½ á»§ng há»™ shop  "" "
test_000275,0,"""Shop giao nhanh mÃ  cÃ²n dthg táº·ng cho thÃªm 1 bá»‹ch khÃ¡c ná»¯a hehe Äƒm xong sáº½ quay láº¡i á»§ng há»™ shop nha :33 "" "
test_000276,0,"""Ngonnnnnnnnn quÃ¡ trá»i quÃ¡ Ä‘aats luÃ´n shop Æ¡iiiiiiiiiiiiiiiiiii "" "
test_000277,0,"""Giao hÃ ng hÃ ng nhanh, Ä‘áº§y Ä‘á»§, ngon, bá»• ráº», sáº½ á»§ng há»™ shop trong tÆ°Æ¡ng lai  "" "
test_000278,0,"""Ä‚n ráº¥t ngon nha thanh cua má»m chÃ¢n gÃ  cÃ¡nh vá»‹t ngon Ä‘á»‘i vá»›i nhá»¯ng ngá»i Äƒn chÆ°a quen sáº½ cÃ³ mÃ¹i khÃ¡ hÃ´i nhÆ°ng mÃ¬nh Äƒn tháº¥y ráº¥t ngon cho shop 5 sao "" "
test_000279,1,"""Shop giao Ä‘á»§ hÃ ng, bÃ¡n hÃ ng cÃ³ trÃ¡ch nhiá»‡m, giÃ¡ cÅ©ng ráº»  "" "
test_000280,0,"""Shop giao hÃ ng nhanh, Ä‘Ã³ng gÃ³i cáº©n tháº­n láº¡i cÃ²n táº·ng kÃ¨m quÃ  ná»¯a  MÃ¹i vá»‹ ngon sáº½ tiáº¿p tá»¥c á»§ng há»™ shop "" "
test_000281,1,"""Äi lÃ m nhá» ngÆ°á»i nhÃ  nháº­n hÃ ng Vá» má»Ÿ nhÃ¬n láº¡i toÃ n háº¿t háº¡n sá»­ dá»¥ng ( 30/03/2021 ) Má»i ngÆ°á»i cáº©n tháº­n > < "" "
test_000282,1,"""ÄÃ£ nháº­n Ä‘c hÃ ng  Giao hÆ¡i lÃ¢u Vs k ngon nhÆ° mÃ¬nh tÆ°á»Ÿng tÆ°á»£ng, mÃ¹i giá»‘ng Äƒn xÃºc xÃ­ch ğŸ˜‚ğŸ˜… "" "
test_000283,0,"""Äá»“ Äƒn cá»±cccccccc kÃ¬ ngon luÃ´n Ã¡ giao nhanh láº¯m luÃ´n ğŸ§‹ğŸ§‹ğŸ§‹ğŸ˜€ğŸ˜€ğŸ˜€ğŸ˜€ğŸ˜€ğŸ§‹ğŸ§‹ğŸ§‹ğŸ§‹ğŸ§‹ğŸ§‹ğŸ§‹ğŸ˜ğŸ˜ğŸ˜ğŸ˜ğŸ˜ğŸ˜ğŸ˜ğŸ˜‹ğŸ˜‹ğŸ˜‹ğŸ˜ğŸ˜ğŸµğŸµğŸµğŸµğŸµ "" "
test_000284,0,"""Giao nhanh cá»±c kÃ¬ , hÃ´m qua Ä‘áº·t sÃ¡ng hÃ´m sau Ä‘Ã£ giao , chÆ°a Äƒn thá»­ nhÆ°ng tháº¥y háº¥p dáº«n :))) "" "
test_000285,0,"""Xin lá»—i shop em Äƒn háº¿t rá»“i nÃªn ko cÃ³ hÃ¬nh mong shop thÃ´ng cáº£m cho em sáº£n pháº©m ráº¥t tuyá»‡t vá»i nha mn nÃªn mua má»‘t ghÃ© shop nÃ y mua thÃªm nhÃ¬u Ä‘á»“ Äƒn thÃªm ná»¯a Ä‘á»“ Äƒn, Äƒn cÅ©ng ok láº¯m mn nÃªn mua thá»­ nha "" "
test_000286,1,"""Kh tin Ä‘c mua nhiÃªu Ä‘Ã¢y chÆ°a tá»›i 40k :((( mua Ä‘c giÃ¡ sale 9k Ä‘á»‰nhhhhh "" "
test_000287,1,"""ChÃ¢n gÃ  khÃ¡ cay Äƒn ngon hÃ¬nh áº£nh chá»‰ mang tÃ­nh cháº¥t nháº­n xucyveouveuetfttyoeuusheiwodidnheiwjehdbdiejdbudjevwjwhdjdienebdisodkndkdkdkdjdksjsjsjendjbdndkdjdbdhdjdjjdjdnbdjdjdjjdbdhdhebejhejdjdjdjndbwjwjdnkenwnenenenenndndndnnndndjekkejennd  djejnenndndnnmmmndhwndbjdjndbjdjwndbdjnebbdbbdbebwbejsnendbj "" "
test_000288,0,"""Ä‚n vui vui, Ä‘Æ¡n giáº£n  PhÃ¹ há»£p cÃ¡c chuyáº¿n Ä‘i du lá»‹ch "" "
test_000289,1,"""NÃ³i chung thÃ¬ Äƒn cÅ©ng Ä‘c mÃ  k biáº¿t háº¡ng sá»­ dá»¥ng trÃªn bao bÃ¬ nÃ y lÃ  ngÃ y sáº£n xuáº¥t hay lÃ  háº¿t háº¡n ná»¯a  Äáº·t biá»‡t nhá»¯ng ngÆ°á»i khÃ´ng Äƒn cay Ä‘Æ°á»£c thÃ¬ k nÃªn Äƒn  Äá»“ Äƒn cay láº¯m  Ä‚n vui má»“m thÃ´i chá»© Ä‘á»«ng Äƒn nhÃ¬u má»i ngÆ°á»i nhÃ© "" "
test_000290,0,"""ThÃ­ch háº¿t "" "
test_000291,0,"""ChÃ¢n vá»‹t Äƒn ráº¥t uki vÃ  cay nÃ¨,cá»• vá»‹t hÆ¡i bá»Ÿ xÃ­u,cÃ²n xÃºc xÃ­ch sá»¥n gÃ  shop giao thiáº¿u nÃªn hong biáº¿t, giao hÃ ng siÃªu nhanhğŸ¥°MÃ¬nh mua 24 cÃ¡i má»—i thá»© shop cÃ³ táº·ng thÃªm bÃ¡nh xá»‘p nabati nÃ¨ iu ghÃª hjhjâ¤ "" "
test_000292,0,"""Ráº¥t ngon "" "
test_000293,0,"""Mua láº§n thá»© 2 rá»“i! Ráº¥t ngon "" "
test_000294,1,"""Láº§n Ä‘áº§u khÃ´ng biáº¿t sao Äƒn hÆ¡i sá»£ láº§n sau quen Äƒn cÅ©ng nhÆ° xÃºc xÃ­ch "" "
test_000295,0,"""HÃ ng giao nhanh sáº£n pháº©m OK láº§n sau sáº½ á»§ng há»™ shop     "" "
test_000296,0,"""Sáº£n pháº³m Ä‘Ã³ng gÃ³i ráº¥t cáº­n tháº­n vÃ  chÃ¢n gÃ  Äƒn ráº¥t ngon mÃ¹i vá»‹ nhá»© xÃºc xÃ­ch, má»›i Ä‘áº§u má»›i Äƒn hÆ¡i tÃª nhÆ°ng Äƒn má»™t lÃºc k cay ráº¥t ngon    CÃ²n Ä‘Ã¹i gÃ  Äƒn bá»‹ bá»¡ vÃ  mÃ¹i vá»‹ k ngon k "" "
test_000297,0,"""Ok ngon nha "" "
test_000298,1,"""Shop Ä‘á»•i mÃ³n lum la háº¿t mÃ  ko há» bÃ¡o , shop bÃ¡o trÆ°á»›c chá»© áº¡ ? Láº§n nÃ y em hÆ¡i tháº¥t vá»ng, shop háº¿t mÃ³n thÃ¬ bÃ¡o Ä‘á»ƒ em Ä‘á»•i em Ä‘áº·t láº¡i, Ä‘Ã¢y shop tá»± Ã½ Ä‘á»•i, shop xem láº¡i vÃ  mong shop cáº£i thiá»‡n , em cáº£m Æ¡n "" "
test_000299,0,"""CÃ³ Ä‘Ã¹i gÃ , vá»‹t Äƒn Ä‘c  Hiccc Äƒn khum quen thÃ¬ thui nha mn "" "
test_000300,1,"""Hahhfkkkskkskkdncbcbkakalbc "" "
test_000301,1,"""TÃ´i khÃ´ng pháº£i lÃ  vi gÃ¬ Ä‘Ã³ nháº­n hÃ ng trong quÃ¡ trÃ¬nh   lÃºc Ä‘áº·t hÃ ng Ä‘áº¿n nay tÃ´i chÆ°a nháº­n Ä‘Æ°á»£c cuá»™c gá»i nÃ o tá»« shipperr :))  Váº­y mÃ  Shopee láº¡i bÃ¡o lÃ  giao hÃ ng thÃ nh cÃ´ng nguoi láº¥y vi "" "
test_000302,0,"""Sáº£n pháº©m ráº¥t xinh Ä‘áº¹p tuyá»‡t vá»i, tÃ´i khÃ´ng thá»ƒ trÃ´ng Ä‘á»£i gÃ¬ hÆ¡n  Cáº£m Æ¡n nhÃ  cung cáº¥p, nhÃ  sáº£n xuáº¥t, cáº£m Æ¡n ngÆ°á»i bÃ¡n hÃ ng, cáº£m Æ¡n sÃ n thÆ°Æ¡ng máº¡i Ä‘iá»‡n tá»­, cáº£m Æ¡n ngÆ°á»i váº­n chuyá»ƒn Ä‘á»ƒ tÃ´i cÃ³ cÆ¡ há»™i dÃ¹ng sáº£n pháº©m tá»‘t nhÆ° tháº¿ nÃ y  "" "
test_000303,1,"""DA HEO Cá»¨NG NHÆ¯ CÃ‚Y ğŸ™„ğŸ™„ "" "
test_000304,0,"""Sáº½ quay láº¡i á»§ng há»™ shop ğŸ¥° "" "
test_000305,0,"""HÃ ng ngon láº¯m mn Æ¡i, nÃªn mua nhÃ  Giao hÃ ng hÆ¡i cháº­m nhÆ°ng ko sao vÃ¬ dá»‹ch mÃ  "" "
test_000306,0,"""HÃ ng cháº¥t lÆ°á»£ng Ä‘á»§ sá»‘ lÆ°á»£ng nhÆ°ng Ä‘Ã³ng gÃ³i khÃ¡ sÆ¡ sÃ i , thá»i gian chuáº©n bá»‹ hÃ ng khÃ¡ lÃ¢u mÃ¬nh Ä‘áº·t tá»« 15/7 mÃ  táº­n 24/7 má»›i nháº­n Ä‘c nhÆ°ng nÃ³i chung thÃ¬ váº«n ráº¥t okkk !!!! "" "
test_000307,0,"""Giao hÃ ng Ä‘áº§y Ä‘á»§  Shop cÃ³ táº·ng thÃªm 1 bá»‹t thanh cua  Cáº£m Æ¡n shop  CÃ³ mua Ä‘á»“ Äƒn ná»¯a m sáº½ quay láº¡i ğŸ¥° "" "
test_000308,0,"""HÃ ng giao nhanh hoáº£ tá»‘c lun khÃ´ng nghÄ© má»›i vá»«a Ä‘áº·t cÃ³ liá»n Giao sp Ä‘áº§y Ä‘á»§ "" "
test_000309,0,"""ChÃ¢n nÃ y ngon nha mn, ko cÃ³ vá»‹ ná»“ng nha "" "
test_000310,0,"""ngon "" "
test_000311,0,"""Báº¯p ngon láº¯m   "" "
test_000312,0,"""giao hÃ ng nhanh, Ä‘áº§y Ä‘á»§, sáº½ á»§ng há»™ tiáº¿p "" "
test_000313,0,"""MÃ¬nh tháº¥y rÃ¢u má»±c ko Ä‘Æ°á»£c ngon, cháº¯c ko pháº£i kháº©u vá»‹ cá»§a mÃ¬nh, Äƒn kÃ¬ kÃ¬ láº¡ láº¡ "" "
test_000314,1,"""Ä‘áº·t chÃ¢n gÃ  shop giao chÃ¢n vá»‹t thÃ¢t sá»± k dÃ¡m mua láº§n ná»¯a quÃ¡ tháº¥t vá»ng lÃ m Äƒn cÃ³ tÃ¢m chÃºt nha shop oi "" "
test_000315,0,"""Ä‚n ngon láº¯m nha, Äƒn 1 cÃ¡i lÃ  pháº£i Äƒn thÃªm, Äƒn ghiá»n ghiá»n "" "
test_000316,0,"""mÃ¬nh tháº¥y chÃ¢n gÃ  ngon vÃ  dá»… Äƒn hÆ¡n hÆ¡n chÃ¢n vá»‹t (cáº£ 2 Ä‘á»u ngon) "" "
test_000317,0,"""Ä‚n ko ngon cho láº¯m, mua chÃ¢n Vá»‹t, chÃ¢n GÃ  VIETNAM luá»™c cháº¥m máº¯m gá»«ng Äƒn ngon hÆ¡n  Lá»i khuyÃªn chÃ¢n thÃ nh nhá»¯ng ai cÃ³ Ã½ Ä‘á»‹nh mua  "" "
test_000318,0,"""MÃ¬nh tháº¥y chÃ¢n gÃ  ngon hÆ¡n Ã¡ cháº¯c táº¡i kháº©u vá»‹ cá»§a mÃ¬nh khÃ´ng há»£p chÃ¢n vá»‹t, shop giao Ä‘á»§ áº¡   MÃ¬nh Äƒn háº¿t rá»“i nÃªn hong chá»¥p hÃ¬nh láº¡i Ä‘Æ°á»£c ğŸ˜¹  "" "
test_000319,0,"""HÃ ng Ä‘Ã£ vá» kho gáº§n nhÃ  mÃ¬nh nhÆ°ng 3 ngÃ y má»›i giao Sau nhiá»u láº§n gá»i cho tá»•ng Ä‘Ã i giao hÃ ng nhanh  "" "
test_000320,0,"""Giao hÃ ng lÃ¢u quÃ¡ NhÆ°ng shop Ä‘Ã³ng gÃ³i Ä‘á»§, cÃ²n táº·ng thÃªm bá»‹ch rÃ¢u má»±c  BÃ¡nh bÃ´ng lan trá»©ng muá»‘i siÃªu ráº», siÃªu ngon ChÃ¢n vÃ  cÃ¡nh ráº» hÆ¡n á»Ÿ chá»— khÃ¡c Mlem mlem "" "
test_000321,1,"""Vyyhxvgcswqwdxhjuygvvhjknbvcassfgjjnbvvggdwqsfhygvvvvhhhdrddwaa "" "
test_000322,0,"""Nháº­n hÃ ng Ä‘Ãºng sá»‘ lÆ°á»£ng cÃ²n cÃ³ thÃªm quÃ  táº·ng, cáº£m Æ¡n Shop! "" "
test_000323,0,"""DfghjjjjhgggfgvvhcvvbvğŸŒğŸŒ–ğŸŒ–ğŸŒ¸ğŸŒ¾ğŸŒ¾ğŸŒ¾ğŸ’ğŸ’ğŸŒ¸ğŸğŸ’ğŸğŸŒ¸ğŸŒ¸ğŸŒ¸ğŸ’ğŸŒ¸ğŸŒ¸ğŸŒ¸ğŸŒ¸ğŸ’ğŸ’ğŸŒ¸ğŸŒ¸ğŸŒ¸ğŸŒ¸ğŸŒ¸ğŸŒ¸ğŸŒ¸ğŸŒ¸ğŸŒ¸ğŸŒ¸ğŸŒ¸ğŸŒ¸ğŸŒ¸ğŸŒ¸ğŸŒ¸ğŸŒ¸ğŸŒ¸ğŸ’ğŸŒ¼ "" "
test_000324,0,"""Ngon vá»«a nháº­n lÃ  Äƒn 3 chÃ¢n  Shop nhiá»‡t tÃ¬nh ná»¯a âœŒï¸âœŒï¸âœŒï¸âœŒï¸ "" "
test_000325,0,"""Ok "" "
test_000326,0,"""Mua láº§n 2 rá»“i, hÃ ng váº«n ship nhanh vÃ  ngon kÃ¨m quÃ  nhá» cá»§a shop, thank "" "
test_000327,1,"""Äáº·t 13 chÃ¢n mÃ  giao 9 chÃ¢n cÃ²n 4 Ä‘Ã¹i lÃ  sao  LÃ m Äƒn máº¥t uy tÃ­nh "" "
test_000328,1,"""Giao nhanh cá»±c lun ğŸ˜¿ ná»¯a Ä‘Ãªm thÃ¨m chÃ¢n gÃ  hÃªn lÃ  á»Ÿ Ä‘Ã¢y cÃ³ dá»‹ch vá»¥ giao ngay lun:3 trÃªn app ghi lÃ  2 tiáº¿ng cÃ³ nmÃ  lÃºc giao chÆ°a tá»›i 20' lÃ  cÃ³ gÃ²i nhağŸ’œ "" "
test_000329,1,"""MÃ¬nh Ä‘áº·t chÃ¢n vá»‹t mÃ  shop láº¡i giao lá»™n cho mÃ¬nh chÃ¢n gÃ  "" "
test_000330,0,"""shop giao Ä‘Ãºng vá»›i yÃªu cáº§u, sáº£n pháº©m ngon vá»›i cÃ²n táº·ng thÃªm cho mÃ¬nh cÃ¡i thanh cua vá»›i gÃ¬ Ä‘Ã³ mÃ¬nh cÅ©ng k biáº¿t nhÆ°ng mÃ  ngon "" "
test_000331,1,"""TÃ´i Ä‘áº·t 10 chÃ¢n vá»‹t sao Ä‘Æ°a 2 Ä‘Ã¹i gÃ  vá»›i 8 chÃ¢n vá»‹t lÃ  sao chÃ¢n gÃ  ko ngon mÃ  nÃ³ dá»¡ vÃ£i luÃ´n "" "
test_000332,0,"""Giao hÃ ng nhanh ,vÃ  cháº¥t lÆ°á»£ng sáº£n pháº©m tá»‘t!!!!!!!!!!!!!!!! "" "
test_000333,0,"""shop phá»¥c vá»¥ nhiÃªÌ£t tÃ¬nh sáº£n pháº©m ngon  "" "
test_000334,0,"""Ok   "" "
test_000335,0,"""CÃ²n Ä‘c táº·ng que káº¹o ngon ngon xá»‹n xá»‹n ná»¯a  Giao liá»n vÃ  ngay lun Ã¡  ThÃ­ch dá»… sá»£ "" "
test_000336,1,"""ChÃ¢n vit thÃ¬ láº¡t ,Ä‘Ã¹i vá»‹t thÃ¬ náº·ng mÃ¹i ngá»§ vá»‹ hÆ°Æ¡ng nÃ³i chung Äƒn vui thÃ´i chá»© ko zj Ä‘áº·c biá»‡t   "" "
test_000337,1,"""Hdndnjsjjdnr "" "
test_000338,0,"""Ngon láº¯m nhoa "" "
test_000339,0,"""Ráº» hÆ¡n thá»‹ trÆ°á»ng, ngon, mÃ¬nh Ä‘áº·t chÃ¢n gÃ  - chÃ¢n vá»‹t - thá»‹t nÆ°á»›ng thÃ¬ vá»‹ thá»‹t nÆ°á»›ng ráº» nháº¥t láº¡i ngon nháº¥tttt  "" "
test_000340,0,"""Tui tÆ°á»Ÿng chÃ¢n gÃ  nÃ³ ngon nhÆ° nÃ o mÃ  tháº¥y hot nÃªn mua vá» thá»­ thá»³ theo mÃ¬nh thá»³ sao sao Ã¡ kiá»ƒu Äƒn hk quen nhÆ°ng cx Ä‘c mn nÃªn mua áº¡ Ä‘á»‘ng gÃ³i kÄ© táº·ng kÃ¨m quÃ  ná»¯a  "" "
test_000341,0,"""ngonn giao hÃ ng ráº¥t nhanh sÃ¡ng chiá»u chiá»u Ä‘Ã£ nháº­n r mÃ¬nh á»Ÿ tphcm nÃªn giao ráº¥t lÃ  nhanh "" "
test_000342,0,"""Láº§n 2 mua chá»— nÃ y rá»“i Ä‘á»“ Äƒn ngon mÃ  ship nhanh ná»¯a shipper hÆ¡i bá»‹ thÃ¢n thiá»‡n Ä‘á»•i Ä‘á»‹a chá»‰ mÃ  chá»‹ shipper váº«n kiÃªn trÃ¬ Ä‘i giao sáº½ á»§ng há»™ láº§n ná»¯a "" "
test_000343,0,"""Ngon nhá»©c nÃ¡ch máº¥y bÃ  Æ¡i!!! "" "
test_000344,0,"""SiÃªu ngon cÃ²n bonus thÃªm 1 mÃ³n quÃ¡ xá»©ng Ä‘Ã¡ng cÃ³ 10 saooo "" "
test_000345,0,"""ChÃ¢n vá»‹t ngon cÃ²n Ä‘Æ°á»£c táº·ng thÃªm quÃ  ná»¯a ship táº§m 1 tiáº¿ng lÃ  tá»›i "" "
test_000346,0,"""Ä‚n khÃ¡ ngon vÃ  nghe mÃ¹i xÃºc xÃ­ch "" "
test_000347,1,"""Haiahdudownwhzoxbsbsjaoandhxisjabagsoangsusoabsgksjabshskbshzkx shajs "" "
test_000348,1,"""Ä‚n ko Ä‘Æ°á»£c  MÃ¹i nhÆ° thá»‹t há»™p thÃªm bá»™t á»›t, quÃ¡ cay  "" "
test_000349,0,"""Táº¡m Ä‘Æ°á»£c !! "" "
test_000350,0,"""ChÃ¢n siÃªu ngon luÃ´n, giao cÅ©ng siÃªu nhanh nÃ¨â¤ï¸â¤ï¸ "" "
test_000351,0,"""ChÆ°a Äƒn nhÆ°ng tháº¥y giao hÃ ng ráº¥t nhanh vÃ  Ä‘Ãºng y hÃ¬nh Thank shop Äƒn háº¿t sáº½ á»§ng há»™ shop ná»¯a "" "
test_000352,0,"""ChÃ¢n gÃ  chÃ¢n vá»‹t ngon  "" "
test_000353,0,"""san pham ok hinh anh mang tc minh hoa nhe! "" "
test_000354,1,"""Giao hoáº£ tá»‘c trong ngÃ y chÃ¢n vá»‹t cay ngon "" "
test_000355,0,"""Ngon,cay,Ä‘áº¿n máº¹ tÃ´i Äƒn vÃ o cÅ©ng mÃª ná»¯a "" "
test_000356,0,"""Ngon nhÆ°ng hÆ¡n cayy Ã¡ "" "
test_000357,1,"""Cay nhen máº¥y ba "" "
test_000358,0,"""Ngon "" "
test_000359,0,"""Ráº¥t ngon áº¡ Ä‘á»§ hÃ ng nÃ¨ "" "
test_000360,1,"""                                                     "" "
test_000361,0,"""Äá»§ sl, giao nhanh, nhiá»‡t tÃ¬nh                                     ğŸŒ»ğŸŒ»ğŸŒ» "" "
test_000362,1,"""MÃ¬nh mua Ä‘um nÃªn k cÃ³ áº£nh sp  !!!!!!Â¡!!!!!!!!!!!!!!!!!!!!!! "" "
test_000363,0,"""VÃ¬ tui Äƒnn Ä‘Æ°á»£c nÃªn lÃ  tháº¥y ngonn "" "
test_000364,0,"""Ngon láº¯m quÃ½ vá»‹ giao hÃ ng nhanh ná»¯a "" "
test_000365,0,"""Ok "" "
test_000366,0,"""ok "" "
test_000367,1,"""ÃšDtÃ­Ã­tgoGGOzgoatosgosgozfizifgxodpysyps605d9pf6f6oyfoyof "" "
test_000368,1,"""HÃ¢jkqjdnxjakqoiwhxbxbakkqkwjdjxbxnjakakwjsbxbzjKakkakzjxnxnx "" "
test_000369,0,"""Ngon bá»• ráº» giao hÃ ng nhanh     ,                             "" "
test_000370,0,"""ChÃ¢n gÃ  vs vá»‹t ráº¥t ngon giao hÃ ng nhanh cho 5 sao "" "
test_000371,1,"""Hajabahwjxnbakqkx nKkqhsbxmamqkxbxbbjakqbxbxkknabxjxj "" "
test_000372,1,"""Ndbjakanejkxmxnanjwkwkx cbajwkmdxnbkwknd nxnakwkmxnxmm "" "
test_000373,1,"""Kdjnahwjnd s bÃ£nnxmakwjhdbxnnakwjejxbxbmqkkwndbxnzmmak "" "
test_000374,0,"""Shop giao Ä‘á»§, Äƒn ráº¥t ngonnnnn, mÃ¬nh nháº­n xu thui nhennn!!!!!! "" "
test_000375,0,"""Ngon "" "
test_000376,0,"""ok  shop giao Ä‘á»§ sáº£n pháº©m                             ok  shop giao Ä‘á»§ sáº£n pháº©m                             ok  shop giao Ä‘á»§ sáº£n pháº©m                            "" "
test_000377,0,"""HÃ ng giao nhanh ngon "" "
test_000378,0,"""QuÃ¡ ngon ğŸ¤¤ "" "
test_000379,1,"""Ko há»£p kháº©u vá»‹ nÃªn Äƒn ko ngon cho láº¯m, giao hÃ ng lÃ¢u cÃ³ thiáº¿u nÃ y bÃ¹ kiaaaa "" "
test_000380,0,"""Ngon nhÆ° má»i khi, Äƒn chÆ¡i cÅ©ng Ä‘c  Giao nhanh Ä‘Æ¡ng gÃ³i cáº©n tháº­n "" "
test_000381,1,"""GÃ  nhÃ¬n ráº¥t sáº¡ch sáº½ , sáº½ Ä‘áº·t láº¡i "" "
test_000382,0,"""NGON TUYá»†T Vá»œI  NÃŠN MUA Ä‚N NHÃ‰ "" "
test_000383,0,"""ChÃ¢n vá»‹t thÆ¡m ngon,date cÃ²n má»›i luÃ´n nha cáº£ nhÃ  "" "
test_000384,0,"""Gbgud5e cm CtyğŸ‘¿ğŸ¤­ğŸ¤¥ğŸ˜ˆğŸ¤¥ğŸ¤¥ğŸ¤¢ğŸ˜ˆğŸ¤¢ğŸ˜ˆğŸ¤ ğŸ˜ˆğŸ¤¢ğŸ¤ ğŸ¤“ğŸ˜¡ğŸ˜‡ğŸ¤“ğŸ¤¥ğŸ‘¿ğŸ¤«ğŸ‘»ğŸ¤­ğŸ¤­ğŸ¥´ğŸ‘½ğŸ¥´ğŸ‘½ğŸ¥´ğŸ¤­ğŸ‘½ğŸ‘¹ğŸ‘»ğŸ¥³â˜ ï¸ğŸ¤¢ğŸ˜ˆğŸ¤ ğŸ¤“ğŸ¤¢ğŸ˜‡ğŸ¤“ğŸ˜‡ğŸ¤“ğŸ¤¢ğŸ¤ ğŸ˜ˆğŸ¤ ğŸ¤¢ğŸ˜ˆğŸ¥³ğŸ¤«ğŸ¤­ğŸ‘¿ğŸ¤«ğŸ‘»,d j gu vgguvihcr6 if cgu f, y "" "
test_000385,1,"""Báº¯p bay hÆ¡i   Má»m   ÄÃ³ng gÃ³i kÃ©m "" "
test_000386,1,"""Ã“hdjsjsjdjjxxjjxjxbsjakqiwjsbbzxsbsbshjsjsjzjzjzjzjz "" "
test_000387,0,"""tuyá»‡t "" "
test_000388,1,"""KhÃ´ng há»£p kháº©u vá»‹, toÃ n sa táº¿ vá»›i mÃ¬nh lÃ  k ngon "" "
test_000389,0,"""Cháº¯c cÃ¡nh vá»‹t lÃ  mÃ³n ngon nháº¥t quÃ¡ "" "
test_000390,0,"""2 tá»« thÃ´i ngon ráº» áº¡ !!!!!!!!!!!!!!!!!!!!!!!!!!!!!!!!!!!!! "" "
test_000391,0,"""Ä‚n á»•n nha MN CÃ³ thá»ƒ thá»­ "" "
test_000392,0,"""ChÃ¢n gÃ  khÃ¡ ok, chÃ¢n vá»‹t hÆ¡i máº·n 1 chÃºt "" "
test_000393,1,"""HÆ¡i cay "" "
test_000394,0,"""Thanh cua ngon "" "
test_000395,1,"""nhÆ°ng thá»i gian giao hÃ ng lÃ¢u cá»±c "" "
test_000396,0,"""Ship vá» hÆ¡i trá»… nha shop "" "
test_000397,0,"""ChÃ¢n gÃ  Äƒn ngon giÃ²n, cay ná»¯a, dá»‹ch náº±m nhÃ  nháº§m nhi thÃ­ch há»£p nÃ¨, shop tv nhiá»‡t tÃ¬nh, giao hÃ ng hÆ¡i lÃ¢u "" "
test_000398,1,"""HÃ ng Ä‘Ãºng loáº¡i, Ä‘á»§ sá»‘ lÆ°á»£ng, nghe mÃ¹i xÃºc xÃ­ch, cay nhiá»u !  HÃ ng Ä‘Ãºng loáº¡i, Ä‘á»§ sá»‘ lÆ°á»£ng, nghe mÃ¹i xÃºc xÃ­ch, cay nhiá»u !  HÃ ng Ä‘Ãºng loáº¡i, Ä‘á»§ sá»‘ lÆ°á»£ng, nghe mÃ¹i xÃºc xÃ­ch, cay nhiá»u !  HÃ ng Ä‘Ãºng loáº¡i, Ä‘á»§ sá»‘ lÆ°á»£ng, nghe mÃ¹i xÃºc xÃ­ch, cay nhiá»u !  HÃ ng Ä‘Ãºng loáº¡i, Ä‘á»§ sá»‘ lÆ°á»£ng, nghe mÃ¹i xÃºc xÃ­ch, cay nhiá» "" "
test_000399,1,"""                                                   "" "
test_000400,1,"""Mua cÃ¡nh láº¡i giao hÃ ng lÃ  chÃ¢n  "" "
test_000401,0,"""â¤ï¸â¤ï¸â¤ï¸â¤ï¸â¤ï¸â¤ï¸â¤ï¸â¤ï¸â¤ï¸â¤ï¸â¤ï¸â¤ï¸â¤ï¸â¤ï¸â¤ï¸â¤ï¸â¤ï¸â¤ï¸â¤ï¸â¤ï¸â¤ï¸â¤ï¸â¤ï¸â¤ï¸â¤ï¸â¤ï¸â¤ï¸â¤ï¸â¤ï¸â¤ï¸â¤ï¸â¤ï¸â¤ï¸â¤ï¸â¤ï¸â¤ï¸ "" "
test_000402,0,"""Ä‘Ãºng nhÆ° hÃ¬nh "" "
test_000403,0,"""Äá»“ Äƒn ráº¥t ngonğŸ¥° "" "
test_000404,0,"""Ngon mÃ¹i vá»‹ nhÆ° xÃºc xÃ­ch dá»‹ Ä‘Ã³ "" "
test_000405,0,"""Ngonnnnn sjshshhshshshshshshsbsbsbsbbdbdbdbdbdbdbbdbdbdbdb "" "
test_000406,0,"""Giao hÃ ng cá»±c nhanh  "" "
test_000407,0,"""ngon láº¯m               giao hÃ ng nhanh                   "" "
test_000408,0,"""Ngon nnnnnnnnnndndndnndndndndndndnndndndnxnxnxnnxnxnxnxnxnxnxnxnxnxnxnxnxnxnnx "" "
test_000409,0,"""shop giao nhanh hihi "" "
test_000410,0,"""Giao ráº¥t nhanh, hÃ ng date má»›i ,ráº¥t ngon "" "
test_000411,0,"""Ngon láº¯m "" "
test_000412,0,"""ChÃ¢n vá»‹t ngon ğŸ‘ "" "
test_000413,0,"""Äá»‰nhhhh cá»¥a Ä‘á»‰nhhhhhhhhhhhhhhhhh Ä‘Ã³ quÃ­ dá»‹  Sáº½ quay lá»£i áº¡aaaaa "" "
test_000414,0,"""Ngon láº¯m luÃ´ngggg Ã¡aaaa mnggggggggggggggggggggggggggggggggggggggggggg "" "
test_000415,0,"""ChÃ¢n vá»‹t ngon , á»•n â™¥ï¸â™¥ï¸â™¥ï¸â™¥ï¸â™¥ï¸â™¥ï¸â™¥ï¸â™¥ï¸â™¥ï¸â™¥ï¸â™¥ï¸â™¥ï¸â™¥ï¸ğŸ‘‹ğŸ»â™¥ï¸ğŸ‘‹ğŸ»ğŸ‘‹ğŸ»ğŸ‘‹ğŸ» "" "
test_000416,0,"""Ngon ^^ "" "
test_000417,0,"""Ngon xuáº¥t sáº¯c â¤ï¸ "" "
test_000418,1,"""Qhehdbdhxddfhfhfhdhhfhrhrbdvevgrbrbfhrjrrjhrbrjekdjfhfh "" "
test_000419,0,"""Cháº¥t lÆ°á»£ng sáº£n pháº©m cá»±c kÃ¬ tá»‘t  MÃ u sáº¯c Ä‘áº¹p Ä‘áº½, khÃ´ng bá»‹ hÆ° há»ng gÃ¬ vá» sáº£n pháº©m  NÃ³i chung lÃ  cá»±c kÃ¬ Æ°ng Ã½  Sáº½ á»§ng há»™ tiáº¿p  "" "
test_000420,0,"""ngon "" "
test_000421,0,"""Ok "" "
test_000422,1,"""ÄÃ¡nh giÃ¡ chá»§ yáº¿u láº¥y xuuuuuuuuuuuuuuuuuuuuuuuuuuuuuuuuuu "" "
test_000423,1,"""Ngon quÃ¡ vÃ  hÃ ng cÅ©ng khÃ´ng bá»‹ lÃ m sao "" "
test_000424,0,"""Ráº¥t ngon "" "
test_000425,0,"""Cháº¥t lÆ°á»£ng "" "
test_000426,1,"""ÄÃ£ nháº­n Ä‘Æ°á»£c hÃ ng                                      "" "
test_000427,0,"""Sáº£n pháº©m tá»‘t , sáº½ á»§ng há»™ láº§n sau ğŸ‘ğŸ»ğŸ‘ğŸ»ğŸ‘ğŸ»ğŸ‘ğŸ»ğŸ‘ğŸ»ğŸ‘ğŸ»ğŸ‘ğŸ»ğŸ‘ğŸ»ğŸ‘ğŸ»ğŸ‘ğŸ»ğŸ‘ğŸ»ğŸ‘ğŸ»ğŸ‘ğŸ»ğŸ‘ğŸ»ğŸ‘ğŸ» "" "
test_000428,1,"""Okoko         cxzxz                                    z                        zzzzzzzz            "" "
test_000429,1,"""Äáº·t 6 chÃ¢n vá»‹t mÃ  shop giao cÃ³ 4 chÃ¢n vá»‹t,1 chÃ¢n gÃ   Váº­y mÃ  cÅ©ng k tháº¥y nháº¯n tin nÃ³i hay gÃ¬ luÃ´n  Láº§n Ä‘áº§u Ä‘áº·t mÃ  tháº¥y k á»•n "" "
test_000430,0,"""shop tÆ° váº¥n nhiá»‡t tÃ¬nh, giÃ¡ ráº», giao hÃ ng nhanhhhh, nÃªn muaaaaaaaaaa "" "
test_000431,1,"""nnanajkOoalamamansznnzjzjzjzkzozoaoaoalaakmaannananananajajakakakakkaoaksksksks "" "
test_000432,1,"""Tháº­t sá»± thÃ¬ Äƒn giá»‘ng nhÆ° nÃ³ bá»‹ cháº£y ra "" "
test_000433,1,"""https://vt tiktok com/ZSJF3ykNW/ggfjdndbbÄ‘bdbbsbsbsbsbbsbsbsnsjansjsskskksnnssnnsnsjsjskkskskskskksksjsjjsjsjs "" "
test_000434,0,"""Ngon cay nhÆ°ng thanh cua ko ngon "" "
test_000435,1,"""                                                                                                   "" "
test_000436,0,"""Ngon  "" "
test_000437,0,"""SiÃªu ngon, em Ä‘áº·t thÃªm 30 chÃ¢n ná»¯a "" "
test_000438,0,"""HÃ ng á»•n "" "
test_000439,0,"""Ngon xs  "" "
test_000440,1,"""Hhxduvibibggcdsdfhjkkutwwrtkpogfvbnnbvgbhjkugffhhbbbbbbbbbbbbbb "" "
test_000441,0,"""Ngon nha mn nÃªn thá»­ shop giao Ä‘á»§ nÃ¨ğŸ˜˜ğŸ˜˜ "" "
test_000442,0,"""Ngon quÃ¡ trá»i ko cay quÃ¡ ğŸ˜ŠğŸ˜Š "" "
test_000443,1,"""Cgiiciyccyccgiitguhgggggcyuctuxtuzf7xutxuxtuxututxtu "" "
test_000444,1,""" Hcckhcicycyccoutxkcyxxkgccigxxkcgxxjcckgucickcxjxmckjxu k "" "
test_000445,0,"""Okkk "" "
test_000446,0,"""okkkkkkkkkkkkkkkkkkkkkkkkkkkkkkkkkkkkkkkkkkkkkkkkk "" "
test_000447,1,"""Icuchchckbkbjchcjckvlblbjfydtdyfjvkvjcjcjfigudyduckbifudyfivhch "" "
test_000448,1,"""Ko Ä‘c tá»‘t "" "
test_000449,1,"""BÃ¡n hÃ ng nhÆ° qq  Giao hÃ ng hÆ°  Chuá»™t cáº¯n dÆ¡ vl  Ai cÃ³ vÃ o sau Ä‘á»c Ä‘Ã¡nh giÃ¡ nÃ y  Äá»«ng bh mua cÃ¡i shop nÃ y  Nc cÃ²n ngang ngÆ°á»£c ná»¯a  Lá»—i Ä‘Ã©o nháº­n mÃ  cá»© nÃ³i khadch vÃ´ lÃ­   "" "
test_000450,0,"""Ngon xuáº¥t xáº¯c "" "
test_000451,0,"""ChÃ¢n vá»‹t ráº¥t nhon "" "
test_000452,1,"""Yhh "" "
test_000453,0,"""Okkkkkkkkkkkkkkkkkkkkkkkkkkkkkkkkkkkkkkkkkkkkkkkjk "" "
test_000454,0,"""ráº¥t ngon Äƒn kh bá»‹ ngáº¥y ğŸ˜ "" "
test_000455,0,"""Ok á»•n "" "
test_000456,0,"""QuÃ¡ ngon "" "
test_000457,0,"""Shop giao hÃ ng nhanh "" "
test_000458,1,"""Sp bÃ¬nh thÆ°á»ng "" "
test_000459,0,"""Ngon nha shop   Láº§n sau tiáº¿p tá»¥c á»§ng há»™   "" "
test_000460,1,"""Tdykxocyoogulvouvoffdodyodydoydoydotdoydyodoydoydoyfoyfoyfoyf "" "
test_000461,0,"""Ok  "" "
test_000462,1,"""Má»›i mua mÃ  Äƒn háº¿t rá»“i "" "
test_000463,0,"""Hog ngon cho láº¯m hÃ´i ná»¯a Äƒn hog Ä‘c "" "
test_000464,0,"""ghÄ© mau Ä‘em chuyá»‡n phiá»n toÃ¡i, Ä‘Ã¡ngTÃ¢m TÃ¢m insta cá»§a báº£ : everythingoes_TÃ¢m TÃ¢m insta cá»§a báº£ : everythingoes_TÃ¢m TÃ¢m insta cá»§a báº£ : everythingoes_ghÄ© mau Ä‘em chuyá»‡n phiá»n toÃ¡i, Ä‘Ã¡ng362 224 3603ghÄ© mau Ä‘em chuyá»‡n phiá»n toÃ¡i, Ä‘Ã¡ngTÃ¢m TÃ¢m insta cá»§a báº£ : everythingoes_ghÄ© mau Ä‘em chuyá»‡n phiá»n toÃ¡i, Ä‘Ã¡ng "" "
test_000465,0,"""Ä‚n ngon giá»‘ng thá»‹t kho tÃ u "" "
test_000466,1,"""tá»‡ "" "
test_000467,1,"""K cÃ³ mÃ u tÃ­m, giáº­n "" "
test_000468,1,"""   "" "
test_000469,0,"""Ngon "" "
test_000470,0,"""Ngon "" "
test_000471,1,"""Ãbdishx8beoa 8db7be8wbidn29be iehdnqowbs9db dbd8wbnw9br7xbe  "" "
test_000472,0,"""Ngon  "" "
test_000473,1,"""Hdhdhcghfbdhdhdjd    F f f fjdjdkdjj j h g f d  T ui j n g gxhxhdbd "" "
test_000474,0,"""Tá»‘t nha mn "" "
test_000475,0,"""Káº¹o ráº¥t ngon nhÆ°ng chÃ¢n gÃ  chÃ¢n vá»‹t thÃ¬ thÃ´i rá»“i, tháº­t sá»± mÃ¬nh hong bt mn tháº¿ nÃ o chá»© mÃ¬nh Äƒn vÃ o Ã³i quÃ¡ trá»i Tá»‘t nháº¥t mn ko nÃªn mua nhaa "" "
test_000476,0,"""Cháº¥t lÆ°á»£ng sáº£n pháº©m tá»‘t ÄÃ³ng gÃ³i Ä‘áº¹p Giao hÃ ng hÆ¡i lÃ¢u Likeeeeeeeee  "" "
test_000477,0,"""chÃ¢n vá»‹t Äƒn ngon nhÆ°ng hÃ´ng cay, chÃ¢n gÃ , cá»• thÃ¬ cay , Ä‘Ã¹i hÃ´ng ngon   "" "
test_000478,1,"""  hjjdjdndjjfjdnjfjfngnfjshzhhchcnfjfnfhchhcbfhdhdhdhhdhdhdfhdhfjfjjffjjfjfjfh "" "
test_000479,1,"""Bdjwvdkfbzuwctjifbskwbkcnwkzihwjrbjanxjjevajbcirbajwnkxkeowohtj "" "
test_000480,1,"""ğŸ§¸ğŸ§¸ğŸ§¸ğŸ§¸ğŸ§¸ğŸ§¸ğŸ§¸ğŸ§¸ğŸ§¸ğŸ§¸ğŸ§¸ğŸ§¸ğŸ§¸ğŸ§¸ğŸ§¸ğŸ§¸ğŸ§¸ğŸ§¸ğŸ§¸ğŸ§¸ğŸ§¸ğŸ§¸ğŸ§¸ğŸ§¸ğŸ§¸ğŸ§¸ğŸ§¸ğŸ§¸ğŸ§¸ğŸ§¸ğŸ§¸ğŸ§¸ğŸ§¸ğŸ§¸ğŸ§¸ğŸ§¸ğŸ§¸ğŸ§¸ğŸ§¸ğŸ¥°ğŸ¥°ğŸ¥°ğŸ¥°ğŸ¥°ğŸ¥°ğŸ¥°ğŸ¥°ğŸ¥°ğŸ¥°ğŸ¥°ğŸ¥°ğŸ¥°ğŸ¥°ğŸ¥°ğŸ¥°ğŸ¥°ğŸ¥°ğŸ¥° "" "
test_000481,0,"""Tá»‘t "" "
test_000482,0,"""BÃ¡nh trÃ¡ng ngon "" "
test_000483,0,"""Ä‚n ngon  "" "
test_000484,0,"""NgÃ´n giao hÃ ng nhanh "" "
test_000485,1,"""LÆ°u Ã½ khi mua theo tÃ´i thÃ¬ Äƒn ko ngon nhÃ©  "" "
test_000486,0,"""Ngon nhÆ°ng hÆ¡i khÃ³ Äƒn lÃºc Ä‘áº§u nÃ³i xhung lÃ  ngon "" "
test_000487,0,"""HÃ¬nh áº£nh vÃ  video mang tÃ­nh cháº¥t minh há»a nhÆ°ng shop giao Ä‘á»§ sp vÃ  Äƒn cx táº¡m Ä‘Æ°á»£c "" "
test_000488,1,"""481723rbdnskwoa9s8sdicnnccmksow8wisjsndncjcixuausjsfcvjsisisidididicjcjcncndkeowoeidjdjcncncjsoaiwieuehrhfnfnckcidiwieuehrjfjfkfodow9wiwjejfnfncjjvvj "" "
test_000489,1,"""Ä‚n bá»Ÿ bá»Ÿ sao Ã¡ "" "
test_000490,0,"""Ngonnnnnnnnnnnnnnnnnnnnnnnnnnnnnnnnnnnnnnnnnnnnnnn "" "
test_000491,0,"""MÃ³n Äƒn ráº¥t ngon "" "
test_000492,0,"""ngon Ä‘bbdbbdbbxbxbdbxbhdbdhdhdhdhdhhhhhxbxnxnxnxnxnns "" "
test_000493,0,"""Ä‚n ok "" "
